title,artist,iswc,isrc,source,basis
3793851,RAIMUNDO NONATO DE OLIVEIRA; EDUARDO MELO PEREIRA LTDA; NONATO LUIZ,,BR-TVW-13-00038,FONOGRAMAS,LIBERADO+MENTION
3793850,RAIMUNDO NONATO DE OLIVEIRA; EDUARDO MELO PEREIRA LTDA; NONATO LUIZ,,BR-TVW-13-00037,FONOGRAMAS,LIBERADO+MENTION
3793857,RAIMUNDO NONATO DE OLIVEIRA; EDUARDO MELO PEREIRA LTDA; NONATO LUIZ,,BR-TVW-13-00044,FONOGRAMAS,LIBERADO+MENTION
3793858,RAIMUNDO NONATO DE OLIVEIRA; EDUARDO MELO PEREIRA LTDA; NONATO LUIZ,,BR-TVW-13-00045,FONOGRAMAS,LIBERADO+MENTION
3793852,RAIMUNDO NONATO DE OLIVEIRA; EDUARDO MELO PEREIRA LTDA; NONATO LUIZ,,BR-TVW-13-00039,FONOGRAMAS,LIBERADO+MENTION
3793856,RAIMUNDO NONATO DE OLIVEIRA; EDUARDO MELO PEREIRA LTDA; NONATO LUIZ,,BR-TVW-13-00043,FONOGRAMAS,LIBERADO+MENTION
ESTELITA,,,,OBRAS,UBC
OLELE MUSIC,,,,OBRAS,UBC
YURI NISHIDA,,,,OBRAS,UBC
GUILHERME ELIAS,,,,OBRAS,UBC
LEEO MESQUITA,,,,OBRAS,UBC
ARTHUR RAMOS,,,,OBRAS,UBC
GUSTAVO VARGAS,,,,OBRAS,UBC
VICTOR XAMA,,,,OBRAS,UBC
MC CASO,,,,OBRAS,UBC
MARCELO GRANJA,,,,OBRAS,UBC
MANEIRINHO NA VOZ,,,,OBRAS,UBC
SHEVCHENKO,,,,OBRAS,UBC
LEX CLASH,,,,OBRAS,UBC
CH DA ZO,,,,OBRAS,UBC
MC GW,,,,OBRAS,UBC
MC 10G,,,,OBRAS,UBC
SAPAO DO RECIFE,,,,OBRAS,UBC
RESUMO,,,,OBRAS,UBC
TULIO,,,,OBRAS,UBC
CLAYTON BARROS,,,,OBRAS,UBC
ZERO PACCELI,,,,OBRAS,UBC
BALAKINHA,,,,OBRAS,UBC
NEXOANEXO,,,,OBRAS,UBC
MC DANADO DO RECIFE,,,,OBRAS,UBC
FELIPE KAUTZ,,,,OBRAS,UBC
CHICO BRETANHA,,,,OBRAS,UBC
PEDRO PETRACCO,,,,OBRAS,UBC
CARLINHOS CARNEIRO,,,,OBRAS,UBC
CHERNOBYL,,,,OBRAS,UBC
DANNY BOND,,,,OBRAS,UBC
MATHEUS CORINGA,,,,OBRAS,UBC
OBRA DIGITAL,,,,OBRAS,UBC
LUANZINHO DO RECIFE,,,,OBRAS,UBC
MC YAGO,,,,OBRAS,UBC
MC RICARDINHO,,,,OBRAS,UBC
MC GATO,,,,OBRAS,UBC
MC LEOZIN,,,,OBRAS,UBC
DJ WALLACE NK,,,,OBRAS,UBC
LUCAS GUERRA,,,,OBRAS,UBC
CELO BROWN,,,,OBRAS,UBC
CANNIBAL,,,,OBRAS,UBC
NEILTON,,,,OBRAS,UBC
CAIO,,,,OBRAS,UBC
PG,,,,OBRAS,UBC
PITZAN,,,,OBRAS,UBC
MC ZOI DE GATO,,,,OBRAS,UBC
ISABELLA TAVIANI,,,,OBRAS,UBC
ANA CAROLINA,,,,OBRAS,UBC
ANA Z,,,,OBRAS,UBC
LUIZ QUEIROGA,,,,OBRAS,UBC
SONY MUSIC,,,,OBRAS,UBC
WARNER,,,,OBRAS,UBC
GUI DA TROPA,,,,OBRAS,UBC
OREIA,,,,OBRAS,UBC
HOT,,,,OBRAS,UBC
RAFAEL FANTINI,,,,OBRAS,UBC
EDICOES MUSICAIS,,,,OBRAS,UBC
ANNY,,,,OBRAS,UBC
TAKAB,,,,OBRAS,UBC
SONY MUSIC PUBLISHING,,,,OBRAS,UBC
JOAO FELIPE,,,,OBRAS,UBC
PILLA,,,,OBRAS,UBC
WB,,,,OBRAS,UBC
FISH MARQUES,,,,OBRAS,UBC
DJ DANILINHO BEAT,,,,OBRAS,UBC
DAVI KNEIP,,,,OBRAS,UBC
POMMELO DISTRIBUICOES,,,,OBRAS,UBC
NEGO HENRIQUE,,,,OBRAS,UBC
MC JAPA DO RECIFE,,,,OBRAS,UBC
JHON FRANCA,,,,OBRAS,UBC
MC MARLEY,,,,OBRAS,UBC
PAULO NEVES,,,,OBRAS,UBC
ANIRAP,,,,OBRAS,UBC
POP NA BATIDA,,,,OBRAS,UBC
LUKA DA ZO,,,,OBRAS,UBC
VITCHBEATS,,,,OBRAS,UBC
LAIRTON TECLAS,,,,OBRAS,UBC
DAVID GONZALEZ,,,,OBRAS,UBC
JAO,,,,OBRAS,UBC
JUNINHO,,,,OBRAS,UBC
MC CYCLOPE,,,,OBRAS,UBC
EMERSON CALADO,,,,OBRAS,UBC
LIRA,,,,OBRAS,UBC
RAFA ALMEIDA,,,,OBRAS,UBC
ERICO,,,,OBRAS,UBC
LEP MUSIC,,,,OBRAS,UBC
OVO FRITO,,,,OBRAS,UBC
MAX VIANA,,,,OBRAS,UBC
JOCA,,,,OBRAS,UBC
MATERIA PRIMA,,,,OBRAS,UBC
MC ZAQUIN,,,,OBRAS,UBC
MC RODRIGO,,,,OBRAS,UBC
MENESTREL,,,,OBRAS,UBC
HENRIQUE MENDONCA,,,,OBRAS,UBC
ANDRADE LEMES,,,,OBRAS,UBC
LUIZ GABRIEL LOPES,,,,OBRAS,UBC
DO MC,,,,OBRAS,UBC
SKEETER,,,,OBRAS,UBC
RODRIGO ZIN,,,,OBRAS,UBC
AKASHI CRUZ,,,,OBRAS,UBC
VHOOR,,,,OBRAS,UBC
IGOR BIDI,,,,OBRAS,UBC
LULA CORTES,,,,OBRAS,UBC
RODRIGO BRANDAO,,,,OBRAS,UBC
MC LUIGGI,,,,OBRAS,UBC
JHEO CHAVOSO,,,,OBRAS,UBC
TOLENTO,,,,OBRAS,UBC
FLASH BEATS,,,,OBRAS,UBC
A MACACO,,,,OBRAS,UBC
ALTAFONTE BRASIL,,,,OBRAS,UBC
MARINA SENA,,,,OBRAS,UBC
MARINA SENA EDICOES,,,,OBRAS,UBC
COYOTE BEATZ,,,,OBRAS,UBC
COELHO,,,,OBRAS,UBC
KAIO VIANA,,,,OBRAS,UBC
MC KEVIN DO RECIFE,,,,OBRAS,UBC
SONY NO BEAT,,,,OBRAS,UBC
MC IZAL,,,,OBRAS,UBC
MARLEY NO BEAT,,,,OBRAS,UBC
MC VITIN LC,,,,OBRAS,UBC
ITALO NONATO,,,,OBRAS,UBC
KAIAN SAMPAIO,,,,OBRAS,UBC
SHOOTER SZ,,,,OBRAS,UBC
ALLAN MASSAY,,,,OBRAS,UBC
ELLOCO,,,,OBRAS,UBC
ZILLA SONORO,,,,OBRAS,UBC
GRAV,,,,OBRAS,UBC
VINI DANTAS,,,,OBRAS,UBC
