Mês Exibição,Gênero,Programa,Episódio,Capítulo,Data Exibição,Música,Autores da Música,Sincronismo TVG,Acervo Sim ou Não?,Autor,Editora,% do Autor,Interprete,Reprise,uncertain_match,Matched Title,Matched Identifier/ISWC,Uncertain Match,Eligibility Basis,__source_sheet
DEZ/2023,VARIEDADE SEMANAL,SHOW DA VIRADA,,2023,31/12/2023,AMERICANA NA VAQUEJADA,"ANTONIO MENDES ALVES - A DESCOBRIR (33,33%)
BRUNO HENRIQUE SANTOS DA SILVA - A DESCOBRIR (33,33%)
ERLANDERSON MATOS PEREIRA SILVA - A DESCOBRIR (33,34%)",PERFORMANCE,NÃO,ERLANDERSON MATOS PEREIRA SILVA,A DESCOBRIR,"33,34",NATTAN,Não,,,,True,artist_alias,CanalInternacional_Dezembro2023
DEZ/2023,VARIEDADE SEMANAL,SHOW DA VIRADA,,2023,31/12/2023,AMERICANA NA VAQUEJADA,"ANTONIO MENDES ALVES - A DESCOBRIR (33,33%)
BRUNO HENRIQUE SANTOS DA SILVA - A DESCOBRIR (33,33%)
ERLANDERSON MATOS PEREIRA SILVA - A DESCOBRIR (33,34%)",PERFORMANCE,NÃO,ANTONIO MENDES ALVES,A DESCOBRIR,"33,33",NATTAN,Não,,,,True,artist_alias,CanalInternacional_Dezembro2023
DEZ/2023,VARIEDADE SEMANAL,SHOW DA VIRADA,,2023,31/12/2023,AMERICANA NA VAQUEJADA,"ANTONIO MENDES ALVES - A DESCOBRIR (33,33%)
BRUNO HENRIQUE SANTOS DA SILVA - A DESCOBRIR (33,33%)
ERLANDERSON MATOS PEREIRA SILVA - A DESCOBRIR (33,34%)",PERFORMANCE,NÃO,BRUNO HENRIQUE SANTOS DA SILVA,A DESCOBRIR,"33,33",NATTAN,Não,,,,True,artist_alias,CanalInternacional_Dezembro2023
DEZ/2023,VARIEDADE SEMANAL,SHOW DA VIRADA,,2023,31/12/2023,LOVE GOSTOSINHO,"CLEBER DO CARMO COSTA - A DESCOBRIR (50%)
EMANUEL DIAS ALBINO - A DESCOBRIR (50%)",PERFORMANCE,NÃO,CLEBER DO CARMO COSTA,A DESCOBRIR,50,NATTAN,Não,,,,True,artist_alias,CanalInternacional_Dezembro2023
DEZ/2023,VARIEDADE SEMANAL,SHOW DA VIRADA,,2023,31/12/2023,LOVE GOSTOSINHO,"CLEBER DO CARMO COSTA - A DESCOBRIR (50%)
EMANUEL DIAS ALBINO - A DESCOBRIR (50%)",PERFORMANCE,NÃO,EMANUEL DIAS ALBINO,A DESCOBRIR,50,NATTAN,Não,,,,True,artist_alias,CanalInternacional_Dezembro2023
DEZ/2023,VARIEDADE SEMANAL,SHOW DA VIRADA,,2023,31/12/2023,TEM CABARE ESSA NOITE,"D LESLY LORA - SONY MUSIC PUBLISHING (19,99%)
FLAVINHO DO KADET - SONY MUSIC PUBLISHING (,01%)
GEOFFREY ROJAS - PEERMUSIC (40%)
YONATHAN MICKEY THEN JAQUEZ - WARNER CHAPPELL (40%)",PERFORMANCE,NÃO,GEOFFREY ROJAS,PEERMUSIC,40,NATTAN,Não,,,,True,artist_alias,CanalInternacional_Dezembro2023
DEZ/2023,VARIEDADE SEMANAL,SHOW DA VIRADA,,2023,31/12/2023,TEM CABARE ESSA NOITE,"D LESLY LORA - SONY MUSIC PUBLISHING (19,99%)
FLAVINHO DO KADET - SONY MUSIC PUBLISHING (,01%)
GEOFFREY ROJAS - PEERMUSIC (40%)
YONATHAN MICKEY THEN JAQUEZ - WARNER CHAPPELL (40%)",PERFORMANCE,NÃO,FLAVINHO DO KADET,SONY MUSIC PUBLISHING,"0,01",NATTAN,Não,,,,True,artist_alias,CanalInternacional_Dezembro2023
DEZ/2023,VARIEDADE SEMANAL,SHOW DA VIRADA,,2023,31/12/2023,TEM CABARE ESSA NOITE,"D LESLY LORA - SONY MUSIC PUBLISHING (19,99%)
FLAVINHO DO KADET - SONY MUSIC PUBLISHING (,01%)
GEOFFREY ROJAS - PEERMUSIC (40%)
YONATHAN MICKEY THEN JAQUEZ - WARNER CHAPPELL (40%)",PERFORMANCE,NÃO,YONATHAN MICKEY THEN JAQUEZ,WARNER CHAPPELL,40,NATTAN,Não,,,,True,artist_alias,CanalInternacional_Dezembro2023
DEZ/2023,VARIEDADE SEMANAL,SHOW DA VIRADA,,2023,31/12/2023,TEM CABARE ESSA NOITE,"D LESLY LORA - SONY MUSIC PUBLISHING (19,99%)
FLAVINHO DO KADET - SONY MUSIC PUBLISHING (,01%)
GEOFFREY ROJAS - PEERMUSIC (40%)
YONATHAN MICKEY THEN JAQUEZ - WARNER CHAPPELL (40%)",PERFORMANCE,NÃO,D LESLY LORA,SONY MUSIC PUBLISHING,"19,99",NATTAN,Não,,,,True,artist_alias,CanalInternacional_Dezembro2023
DEZ/2023,VARIEDADE SEMANAL,SHOW DA VIRADA,,2023,31/12/2023,TU TAVA NA REVOADA,"MC DANNY - A DESCOBRIR (50%)
MC TALIBA - A DESCOBRIR (50%)",PERFORMANCE,NÃO,MC TALIBA,A DESCOBRIR,50,NATTAN,Não,,,,True,artist_alias,CanalInternacional_Dezembro2023
DEZ/2023,VARIEDADE SEMANAL,SHOW DA VIRADA,,2023,31/12/2023,TU TAVA NA REVOADA,"MC DANNY - A DESCOBRIR (50%)
MC TALIBA - A DESCOBRIR (50%)",PERFORMANCE,NÃO,MC DANNY,A DESCOBRIR,50,NATTAN,Não,,,,True,artist_alias,CanalInternacional_Dezembro2023
DEZ/2023,JORNALISMO,LEANDRO E LEONARDO 92,,9,02/12/2023,ENTRE TAPAS E BEIJOS,"ANTONIO BUENO - PEERMUSIC (50%)
NILTON LAMAS - PEERMUSIC (50%)",FUNDO,NÃO,NILTON LAMAS,PEERMUSIC,50,ANONIMO,Sim,,,,True,artist_alias,CanalInternacional_Dezembro2023
DEZ/2023,JORNALISMO,LEANDRO E LEONARDO 92,,9,02/12/2023,ENTRE TAPAS E BEIJOS,"ANTONIO BUENO - PEERMUSIC (50%)
NILTON LAMAS - PEERMUSIC (50%)",FUNDO,NÃO,ANTONIO BUENO,PEERMUSIC,50,ANONIMO,Sim,,,,True,artist_alias,CanalInternacional_Dezembro2023
DEZ/2023,JORNALISMO,LEANDRO E LEONARDO 92,,9,02/12/2023,TEMPORAL DE AMOR,CECILIO NENA - WARNER CHAPPELL (100%),PERFORMANCE,NÃO,CECILIO NENA,WARNER CHAPPELL,100,ANONIMO,Sim,,,,True,artist_alias,CanalInternacional_Dezembro2023
DEZ/2023,DRAMATURGIA DIÁRIA,AMERICA,,6,03/12/2023,A VIDA DO VIAJANTE,"HERVE CORDOVIL - VITALE (50%)
LUIZ GONZAGA - VITALE (50%)",TEMA,NÃO,HERVE CORDOVIL,VITALE,50,LENINE,Não,,,,True,artist_alias,CanalInternacional_Dezembro2023
DEZ/2023,DRAMATURGIA DIÁRIA,AMERICA,,6,03/12/2023,A VIDA DO VIAJANTE,"HERVE CORDOVIL - VITALE (50%)
LUIZ GONZAGA - VITALE (50%)",TEMA,NÃO,LUIZ GONZAGA,VITALE,50,LENINE,Não,,,,True,artist_alias,CanalInternacional_Dezembro2023
DEZ/2023,DRAMATURGIA DIÁRIA,AMERICA,,6,03/12/2023,NERVOS DE ACO,LUPICINIO RODRIGUES - VITALE (100%),TEMA,NÃO,LUPICINIO RODRIGUES,VITALE,100,LEONARDO,Não,,,,True,artist_alias,CanalInternacional_Dezembro2023
DEZ/2023,VARIEDADE DIÁRIA,BIG BROTHER BRASIL 5,,58,05/12/2023,A LUA Q EU T DEI,HERBERT VIANNA - SONY MUSIC PUBLISHING (100%),FUNDO,NÃO,HERBERT VIANNA,SONY MUSIC PUBLISHING,100,IVETE SANGALO,Não,,,,True,artist_alias,CanalInternacional_Dezembro2023
DEZ/2023,VARIEDADE DIÁRIA,BIG BROTHER BRASIL 5,,58,05/12/2023,IMPLICANTE,ANA CAROLINA - SONY MUSIC PUBLISHING (100%),FUNDO,NÃO,ANA CAROLINA,SONY MUSIC PUBLISHING,100,ANA CAROLINA,Não,,,,True,artist_alias,CanalInternacional_Dezembro2023
DEZ/2023,JORNALISMO,LEANDRO E LEONARDO 92,,10,09/12/2023,WHEN YOU WISH UPON A STAR,"LEIGH HARLINE - PEERMUSIC (50%)
NED WASHINGTON - PEERMUSIC (50%)",FUNDO,NÃO,LEIGH HARLINE,PEERMUSIC,50,MU CARVALHO,Não,,,,True,artist_alias,CanalInternacional_Dezembro2023
DEZ/2023,JORNALISMO,LEANDRO E LEONARDO 92,,10,09/12/2023,WHEN YOU WISH UPON A STAR,"LEIGH HARLINE - PEERMUSIC (50%)
NED WASHINGTON - PEERMUSIC (50%)",FUNDO,NÃO,NED WASHINGTON,PEERMUSIC,50,MU CARVALHO,Não,,,,True,artist_alias,CanalInternacional_Dezembro2023
DEZ/2023,DRAMATURGIA DIÁRIA,AMERICA,,12,12/12/2023,PRA RUA ME LEVAR,"ANA CAROLINA - SONY MUSIC PUBLISHING (50%)
TOTONHO VILLEROY - UNIVERSAL MGB (50%)",TEMA,NÃO,ANA CAROLINA,SONY MUSIC PUBLISHING,50,ANA CAROLINA,Não,,,,True,artist_alias,CanalInternacional_Dezembro2023
DEZ/2023,DRAMATURGIA DIÁRIA,AMERICA,,12,12/12/2023,PRA RUA ME LEVAR,"ANA CAROLINA - SONY MUSIC PUBLISHING (50%)
TOTONHO VILLEROY - UNIVERSAL MGB (50%)",TEMA,NÃO,TOTONHO VILLEROY,UNIVERSAL MGB,50,ANA CAROLINA,Não,,,,True,artist_alias,CanalInternacional_Dezembro2023
DEZ/2023,VARIEDADE DIÁRIA,BIG BROTHER BRASIL 5,,72,19/12/2023,CHAO DE GIZ,ZE RAMALHO - SONY MUSIC PUBLISHING (100%),FUNDO,NÃO,ZE RAMALHO,SONY MUSIC PUBLISHING,100,ZE RAMALHO,Não,,,,True,artist_alias,CanalInternacional_Dezembro2023
DEZ/2023,VARIEDADE SEMANAL,E DE CASA,E DE CASA,433,02/12/2023,CABECINHA NO OMBRO,PAULO BORGES - FERMATA (100%),AO VIVO FUNDO,,PAULO BORGES,FERMATA,100,FAGNER,Não,,,,True,artist_alias,CanalInternacional_Dezembro2023
DEZ/2023,VARIEDADE SEMANAL,DOMINGAO COM HUCK,,117,03/12/2023,ENCOSTAR NA TUA,ANA CAROLINA - SONY MUSIC PUBLISHING (100%),FUNDO,,ANA CAROLINA,SONY MUSIC PUBLISHING,100,ANA CAROLINA,Não,,,,True,artist_alias,CanalInternacional_Dezembro2023
DEZ/2023,VARIEDADE SEMANAL,DOMINGAO COM HUCK,,117,03/12/2023,O MUNDO VAI,"IVETE SANGALO - IESSI MUSIC PUBLISHING (16,66%)
NEILTON CERQUEIRA SANTOS - IESSI MUSIC PUBLISHING (16,66%)
RADAMES VENANCIO - IESSI MUSIC PUBLISHING (16,67%)
RAMON CRUZ - IESSI MUSIC PUBLISHING (16,67%)
SAMIR TRINDADE - IESSI MUSIC PUBLISHING (16,67%)
TIERRE COSTA - UNIVERSAL MGB (16,67%)",FUNDO,,SAMIR TRINDADE,IESSI MUSIC PUBLISHING,"16,67",IVETE SANGALO,Não,,,,True,artist_alias,CanalInternacional_Dezembro2023
DEZ/2023,VARIEDADE SEMANAL,DOMINGAO COM HUCK,,117,03/12/2023,O MUNDO VAI,"IVETE SANGALO - IESSI MUSIC PUBLISHING (16,66%)
NEILTON CERQUEIRA SANTOS - IESSI MUSIC PUBLISHING (16,66%)
RADAMES VENANCIO - IESSI MUSIC PUBLISHING (16,67%)
RAMON CRUZ - IESSI MUSIC PUBLISHING (16,67%)
SAMIR TRINDADE - IESSI MUSIC PUBLISHING (16,67%)
TIERRE COSTA - UNIVERSAL MGB (16,67%)",FUNDO,,TIERRE COSTA,UNIVERSAL MGB,"16,67",IVETE SANGALO,Não,,,,True,artist_alias,CanalInternacional_Dezembro2023
DEZ/2023,VARIEDADE SEMANAL,DOMINGAO COM HUCK,,117,03/12/2023,O MUNDO VAI,"IVETE SANGALO - IESSI MUSIC PUBLISHING (16,66%)
NEILTON CERQUEIRA SANTOS - IESSI MUSIC PUBLISHING (16,66%)
RADAMES VENANCIO - IESSI MUSIC PUBLISHING (16,67%)
RAMON CRUZ - IESSI MUSIC PUBLISHING (16,67%)
SAMIR TRINDADE - IESSI MUSIC PUBLISHING (16,67%)
TIERRE COSTA - UNIVERSAL MGB (16,67%)",FUNDO,,NEILTON CERQUEIRA SANTOS,IESSI MUSIC PUBLISHING,"16,66",IVETE SANGALO,Não,,,,True,artist_alias,CanalInternacional_Dezembro2023
DEZ/2023,VARIEDADE SEMANAL,DOMINGAO COM HUCK,,117,03/12/2023,O MUNDO VAI,"IVETE SANGALO - IESSI MUSIC PUBLISHING (16,66%)
NEILTON CERQUEIRA SANTOS - IESSI MUSIC PUBLISHING (16,66%)
RADAMES VENANCIO - IESSI MUSIC PUBLISHING (16,67%)
RAMON CRUZ - IESSI MUSIC PUBLISHING (16,67%)
SAMIR TRINDADE - IESSI MUSIC PUBLISHING (16,67%)
TIERRE COSTA - UNIVERSAL MGB (16,67%)",FUNDO,,RADAMES VENANCIO,IESSI MUSIC PUBLISHING,"16,67",IVETE SANGALO,Não,,,,True,artist_alias,CanalInternacional_Dezembro2023
DEZ/2023,VARIEDADE SEMANAL,DOMINGAO COM HUCK,,117,03/12/2023,O MUNDO VAI,"IVETE SANGALO - IESSI MUSIC PUBLISHING (16,66%)
NEILTON CERQUEIRA SANTOS - IESSI MUSIC PUBLISHING (16,66%)
RADAMES VENANCIO - IESSI MUSIC PUBLISHING (16,67%)
RAMON CRUZ - IESSI MUSIC PUBLISHING (16,67%)
SAMIR TRINDADE - IESSI MUSIC PUBLISHING (16,67%)
TIERRE COSTA - UNIVERSAL MGB (16,67%)",FUNDO,,RAMON CRUZ,IESSI MUSIC PUBLISHING,"16,67",IVETE SANGALO,Não,,,,True,artist_alias,CanalInternacional_Dezembro2023
DEZ/2023,VARIEDADE SEMANAL,DOMINGAO COM HUCK,,117,03/12/2023,O MUNDO VAI,"IVETE SANGALO - IESSI MUSIC PUBLISHING (16,66%)
NEILTON CERQUEIRA SANTOS - IESSI MUSIC PUBLISHING (16,66%)
RADAMES VENANCIO - IESSI MUSIC PUBLISHING (16,67%)
RAMON CRUZ - IESSI MUSIC PUBLISHING (16,67%)
SAMIR TRINDADE - IESSI MUSIC PUBLISHING (16,67%)
TIERRE COSTA - UNIVERSAL MGB (16,67%)",FUNDO,,IVETE SANGALO,IESSI MUSIC PUBLISHING,"16,66",IVETE SANGALO,Não,,,,True,artist_alias,CanalInternacional_Dezembro2023
DEZ/2023,VARIEDADE SEMANAL,PIPOCA DA IVETE 2023,,12,03/12/2023,PIPOCA DA IVETE,"IVETE SANGALO - IESSI MUSIC PUBLISHING (50%)
SAMIR TRINDADE - WARNER CHAPPELL (50%)",FUNDO,,IVETE SANGALO,IESSI MUSIC PUBLISHING,50,IVETE SANGALO,Não,,,,True,artist_alias,CanalInternacional_Dezembro2023
DEZ/2023,VARIEDADE SEMANAL,PIPOCA DA IVETE 2023,,12,03/12/2023,PIPOCA DA IVETE,"IVETE SANGALO - IESSI MUSIC PUBLISHING (50%)
SAMIR TRINDADE - WARNER CHAPPELL (50%)",FUNDO,,SAMIR TRINDADE,WARNER CHAPPELL,50,IVETE SANGALO,Não,,,,True,artist_alias,CanalInternacional_Dezembro2023
DEZ/2023,VARIEDADE SEMANAL,PIPOCA DA IVETE 2023,,12,03/12/2023,YOU ARE THE SUNSHINE OF MY LIFE,STEVIE WONDER - SONY MUSIC PUBLISHING (100%),PERFORMANCE,,STEVIE WONDER,SONY MUSIC PUBLISHING,100,IVETE SANGALO,Não,,,,True,artist_alias,CanalInternacional_Dezembro2023
AGO/2023,VARIEDADE SEMANAL,CALDEIRAO COM MION,,100,05/08/2023,GARGANTA,TOTONHO VILLEROY - UNIVERSAL MGB (100%),PERFORMANCE,NÃO,TOTONHO VILLEROY,UNIVERSAL MGB,100,ANA CAROLINA,Não,,,,True,artist_alias,CanalInternacional_Dezembro2023
AGO/2023,VARIEDADE SEMANAL,CALDEIRAO COM MION,,100,05/08/2023,O SEGUNDO SOL,NANDO REIS - WARNER CHAPPELL (100%),PERFORMANCE,NÃO,NANDO REIS,WARNER CHAPPELL,100,ANA CAROLINA,Não,,,,True,artist_alias,CanalInternacional_Dezembro2023
NOV/2023,JORNALISMO,FANTASTICO,,2611,05/11/2023,BANHO DE FOLHAS,"EMILLIE LAPA - DUBAS (50%)
LUEDJI LUNA - DUBAS (50%)",PERFORMANCE,NÃO,EMILLIE LAPA,DUBAS,50,LUEDJI LUNA,Não,,,,True,artist_alias,CanalInternacional_Dezembro2023
NOV/2023,JORNALISMO,FANTASTICO,,2611,05/11/2023,BANHO DE FOLHAS,"EMILLIE LAPA - DUBAS (50%)
LUEDJI LUNA - DUBAS (50%)",PERFORMANCE,NÃO,LUEDJI LUNA,DUBAS,50,LUEDJI LUNA,Não,,,,True,artist_alias,CanalInternacional_Dezembro2023
NOV/2023,VARIEDADE SEMANAL,PIPOCA DA IVETE 2023,,8,05/11/2023,MEXE A CABECA,"GIGI - IESSI MUSIC PUBLISHING (20%)
IVETE SANGALO - IESSI MUSIC PUBLISHING (20%)
RADAMES VENANCIO - IESSI MUSIC PUBLISHING (20%)
RAMON CRUZ - IESSI MUSIC PUBLISHING (20%)
SAMIR TRINDADE - WARNER CHAPPELL (20%)",PERFORMANCE,NÃO,IVETE SANGALO,IESSI MUSIC PUBLISHING,20,IVETE SANGALO,Não,,,,True,artist_alias,CanalInternacional_Dezembro2023
NOV/2023,VARIEDADE SEMANAL,PIPOCA DA IVETE 2023,,8,05/11/2023,MEXE A CABECA,"GIGI - IESSI MUSIC PUBLISHING (20%)
IVETE SANGALO - IESSI MUSIC PUBLISHING (20%)
RADAMES VENANCIO - IESSI MUSIC PUBLISHING (20%)
RAMON CRUZ - IESSI MUSIC PUBLISHING (20%)
SAMIR TRINDADE - WARNER CHAPPELL (20%)",PERFORMANCE,NÃO,RADAMES VENANCIO,IESSI MUSIC PUBLISHING,20,IVETE SANGALO,Não,,,,True,artist_alias,CanalInternacional_Dezembro2023
NOV/2023,VARIEDADE SEMANAL,PIPOCA DA IVETE 2023,,8,05/11/2023,MEXE A CABECA,"GIGI - IESSI MUSIC PUBLISHING (20%)
IVETE SANGALO - IESSI MUSIC PUBLISHING (20%)
RADAMES VENANCIO - IESSI MUSIC PUBLISHING (20%)
RAMON CRUZ - IESSI MUSIC PUBLISHING (20%)
SAMIR TRINDADE - WARNER CHAPPELL (20%)",PERFORMANCE,NÃO,RAMON CRUZ,IESSI MUSIC PUBLISHING,20,IVETE SANGALO,Não,,,,True,artist_alias,CanalInternacional_Dezembro2023
NOV/2023,VARIEDADE SEMANAL,PIPOCA DA IVETE 2023,,8,05/11/2023,MEXE A CABECA,"GIGI - IESSI MUSIC PUBLISHING (20%)
IVETE SANGALO - IESSI MUSIC PUBLISHING (20%)
RADAMES VENANCIO - IESSI MUSIC PUBLISHING (20%)
RAMON CRUZ - IESSI MUSIC PUBLISHING (20%)
SAMIR TRINDADE - WARNER CHAPPELL (20%)",PERFORMANCE,NÃO,GIGI,IESSI MUSIC PUBLISHING,20,IVETE SANGALO,Não,,,,True,artist_alias,CanalInternacional_Dezembro2023
NOV/2023,VARIEDADE SEMANAL,PIPOCA DA IVETE 2023,,8,05/11/2023,MEXE A CABECA,"GIGI - IESSI MUSIC PUBLISHING (20%)
IVETE SANGALO - IESSI MUSIC PUBLISHING (20%)
RADAMES VENANCIO - IESSI MUSIC PUBLISHING (20%)
RAMON CRUZ - IESSI MUSIC PUBLISHING (20%)
SAMIR TRINDADE - WARNER CHAPPELL (20%)",PERFORMANCE,NÃO,SAMIR TRINDADE,WARNER CHAPPELL,20,IVETE SANGALO,Não,,,,True,artist_alias,CanalInternacional_Dezembro2023
NOV/2023,VARIEDADE SEMANAL,PIPOCA DA IVETE 2023,,8,05/11/2023,PIPOCA DA IVETE,"IVETE SANGALO - IESSI MUSIC PUBLISHING (50%)
SAMIR TRINDADE - WARNER CHAPPELL (50%)",FUNDO,NÃO,SAMIR TRINDADE,WARNER CHAPPELL,50,IVETE SANGALO,Não,,,,True,artist_alias,CanalInternacional_Dezembro2023
NOV/2023,VARIEDADE SEMANAL,PIPOCA DA IVETE 2023,,8,05/11/2023,PIPOCA DA IVETE,"IVETE SANGALO - IESSI MUSIC PUBLISHING (50%)
SAMIR TRINDADE - WARNER CHAPPELL (50%)",FUNDO,NÃO,IVETE SANGALO,IESSI MUSIC PUBLISHING,50,IVETE SANGALO,Não,,,,True,artist_alias,CanalInternacional_Dezembro2023
NOV/2023,VARIEDADE SEMANAL,PIPOCA DA IVETE 2023,,8,05/11/2023,PRA FRENTE,"FILIPE COSTA SILVA - IESSI MUSIC PUBLISHING (33,34%)
GIGI - IESSI MUSIC PUBLISHING (33,33%)
MAGNO SANT ANNA - IESSI MUSIC PUBLISHING (33,33%)",PERFORMANCE,NÃO,FILIPE COSTA SILVA,IESSI MUSIC PUBLISHING,"33,34",IVETE SANGALO,Não,,,,True,artist_alias,CanalInternacional_Dezembro2023
NOV/2023,VARIEDADE SEMANAL,PIPOCA DA IVETE 2023,,8,05/11/2023,PRA FRENTE,"FILIPE COSTA SILVA - IESSI MUSIC PUBLISHING (33,34%)
GIGI - IESSI MUSIC PUBLISHING (33,33%)
MAGNO SANT ANNA - IESSI MUSIC PUBLISHING (33,33%)",PERFORMANCE,NÃO,MAGNO SANT ANNA,IESSI MUSIC PUBLISHING,"33,33",IVETE SANGALO,Não,,,,True,artist_alias,CanalInternacional_Dezembro2023
NOV/2023,VARIEDADE SEMANAL,PIPOCA DA IVETE 2023,,8,05/11/2023,PRA FRENTE,"FILIPE COSTA SILVA - IESSI MUSIC PUBLISHING (33,34%)
GIGI - IESSI MUSIC PUBLISHING (33,33%)
MAGNO SANT ANNA - IESSI MUSIC PUBLISHING (33,33%)",PERFORMANCE,NÃO,GIGI,IESSI MUSIC PUBLISHING,"33,33",IVETE SANGALO,Não,,,,True,artist_alias,CanalInternacional_Dezembro2023
NOV/2023,VARIEDADE DIÁRIA,MAIS VOCE,,5941,06/11/2023,HINO DA TELEVISAO BRASILEIRA,GUILHERME ALMEIDA - A DESCOBRIR (100%),FUNDO,NÃO,GUILHERME ALMEIDA,A DESCOBRIR,100,GUILHERME ALMEIDA,Não,,,,True,artist_alias,CanalInternacional_Dezembro2023
NOV/2023,VARIEDADE DIÁRIA,ENCONTRO,,2918,08/11/2023,ALINHAMENTO MILENAR,"JAO - UNIVERSAL MGB (33,4%)
PEDRO TOFANI - UNIVERSAL MGB (33,3%)
ZEBU - A DESCOBRIR (33,3%)",PERFORMANCE,NÃO,ZEBU,A DESCOBRIR,"33,3",JAO,Não,,,,True,artist_alias,CanalInternacional_Dezembro2023
NOV/2023,VARIEDADE DIÁRIA,ENCONTRO,,2918,08/11/2023,ALINHAMENTO MILENAR,"JAO - UNIVERSAL MGB (33,4%)
PEDRO TOFANI - UNIVERSAL MGB (33,3%)
ZEBU - A DESCOBRIR (33,3%)",PERFORMANCE,NÃO,JAO,UNIVERSAL MGB,"33,4",JAO,Não,,,,True,artist_alias,CanalInternacional_Dezembro2023
NOV/2023,VARIEDADE DIÁRIA,ENCONTRO,,2918,08/11/2023,ALINHAMENTO MILENAR,"JAO - UNIVERSAL MGB (33,4%)
PEDRO TOFANI - UNIVERSAL MGB (33,3%)
ZEBU - A DESCOBRIR (33,3%)",PERFORMANCE,NÃO,PEDRO TOFANI,UNIVERSAL MGB,"33,3",JAO,Não,,,,True,artist_alias,CanalInternacional_Dezembro2023
NOV/2023,VARIEDADE DIÁRIA,VAI QUE COLA,4ª TEMPORADA,LIGACOES PERIGOSAS,09/11/2023,QUALQUER JEITO,"BOB MCDILL - UNIVERSAL MGB (33,34%)
ERASMO CARLOS - UNIVERSAL MGB (33,33%)
ROBERTO CARLOS - UNIVERSAL MGB (33,33%)",FUNDO,NÃO,BOB MCDILL,UNIVERSAL MGB,"33,34",KATIA,Sim,,,,True,artist_alias,CanalInternacional_Dezembro2023
NOV/2023,VARIEDADE DIÁRIA,VAI QUE COLA,4ª TEMPORADA,LIGACOES PERIGOSAS,09/11/2023,QUALQUER JEITO,"BOB MCDILL - UNIVERSAL MGB (33,34%)
ERASMO CARLOS - UNIVERSAL MGB (33,33%)
ROBERTO CARLOS - UNIVERSAL MGB (33,33%)",FUNDO,NÃO,ERASMO CARLOS,UNIVERSAL MGB,"33,33",KATIA,Sim,,,,True,artist_alias,CanalInternacional_Dezembro2023
NOV/2023,VARIEDADE DIÁRIA,VAI QUE COLA,4ª TEMPORADA,LIGACOES PERIGOSAS,09/11/2023,QUALQUER JEITO,"BOB MCDILL - UNIVERSAL MGB (33,34%)
ERASMO CARLOS - UNIVERSAL MGB (33,33%)
ROBERTO CARLOS - UNIVERSAL MGB (33,33%)",FUNDO,NÃO,ROBERTO CARLOS,UNIVERSAL MGB,"33,33",KATIA,Sim,,,,True,artist_alias,CanalInternacional_Dezembro2023
NOV/2023,VARIEDADE DIÁRIA,VAI QUE COLA,4ª TEMPORADA,BICHA BICHERRIMA,10/11/2023,QUEM DE NOS DOIS,"A DESCOBRIR - A DESCOBRIR (2,51%)
ANA - WARNER CHAPPELL (18,13%)
DUDU - WARNER CHAPPELL (18,12%)
GIANLUCA GRIGNANI - UNIVERSAL MGB (25%)
GIANLUCA GRIGNANI - WARNER CHAPPELL (18,12%)
MASSIMO LUCA - WARNER CHAPPELL (18,12%)",FUNDO,NÃO,DUDU,WARNER CHAPPELL,"18,12",ANA CAROLINA,Sim,,,,True,artist_alias,CanalInternacional_Dezembro2023
NOV/2023,VARIEDADE DIÁRIA,VAI QUE COLA,4ª TEMPORADA,BICHA BICHERRIMA,10/11/2023,QUEM DE NOS DOIS,"A DESCOBRIR - A DESCOBRIR (2,51%)
ANA - WARNER CHAPPELL (18,13%)
DUDU - WARNER CHAPPELL (18,12%)
GIANLUCA GRIGNANI - UNIVERSAL MGB (25%)
GIANLUCA GRIGNANI - WARNER CHAPPELL (18,12%)
MASSIMO LUCA - WARNER CHAPPELL (18,12%)",FUNDO,NÃO,GIANLUCA GRIGNANI,WARNER CHAPPELL,"18,12",ANA CAROLINA,Sim,,,,True,artist_alias,CanalInternacional_Dezembro2023
NOV/2023,VARIEDADE DIÁRIA,VAI QUE COLA,4ª TEMPORADA,BICHA BICHERRIMA,10/11/2023,QUEM DE NOS DOIS,"A DESCOBRIR - A DESCOBRIR (2,51%)
ANA - WARNER CHAPPELL (18,13%)
DUDU - WARNER CHAPPELL (18,12%)
GIANLUCA GRIGNANI - UNIVERSAL MGB (25%)
GIANLUCA GRIGNANI - WARNER CHAPPELL (18,12%)
MASSIMO LUCA - WARNER CHAPPELL (18,12%)",FUNDO,NÃO,MASSIMO LUCA,WARNER CHAPPELL,"18,12",ANA CAROLINA,Sim,,,,True,artist_alias,CanalInternacional_Dezembro2023
NOV/2023,VARIEDADE DIÁRIA,VAI QUE COLA,4ª TEMPORADA,BICHA BICHERRIMA,10/11/2023,QUEM DE NOS DOIS,"A DESCOBRIR - A DESCOBRIR (2,51%)
ANA - WARNER CHAPPELL (18,13%)
DUDU - WARNER CHAPPELL (18,12%)
GIANLUCA GRIGNANI - UNIVERSAL MGB (25%)
GIANLUCA GRIGNANI - WARNER CHAPPELL (18,12%)
MASSIMO LUCA - WARNER CHAPPELL (18,12%)",FUNDO,NÃO,GIANLUCA GRIGNANI,UNIVERSAL MGB,25,ANA CAROLINA,Sim,,,,True,artist_alias,CanalInternacional_Dezembro2023
NOV/2023,VARIEDADE DIÁRIA,VAI QUE COLA,4ª TEMPORADA,BICHA BICHERRIMA,10/11/2023,QUEM DE NOS DOIS,"A DESCOBRIR - A DESCOBRIR (2,51%)
ANA - WARNER CHAPPELL (18,13%)
DUDU - WARNER CHAPPELL (18,12%)
GIANLUCA GRIGNANI - UNIVERSAL MGB (25%)
GIANLUCA GRIGNANI - WARNER CHAPPELL (18,12%)
MASSIMO LUCA - WARNER CHAPPELL (18,12%)",FUNDO,NÃO,ANA,WARNER CHAPPELL,"18,13",ANA CAROLINA,Sim,,,,True,artist_alias,CanalInternacional_Dezembro2023
NOV/2023,VARIEDADE DIÁRIA,VAI QUE COLA,4ª TEMPORADA,BICHA BICHERRIMA,10/11/2023,QUEM DE NOS DOIS,"A DESCOBRIR - A DESCOBRIR (2,51%)
ANA - WARNER CHAPPELL (18,13%)
DUDU - WARNER CHAPPELL (18,12%)
GIANLUCA GRIGNANI - UNIVERSAL MGB (25%)
GIANLUCA GRIGNANI - WARNER CHAPPELL (18,12%)
MASSIMO LUCA - WARNER CHAPPELL (18,12%)",FUNDO,NÃO,A DESCOBRIR,A DESCOBRIR,"2,51",ANA CAROLINA,Sim,,,,True,artist_alias,CanalInternacional_Dezembro2023
NOV/2023,ESPORTE,GLOBO ESPORTE SP,,11112023,11/11/2023,LEVANTA E ANDA,"BEATNICK - WARNER CHAPPELL (25%)
EMICIDA - WARNER CHAPPELL (25%)
K SALAAM - WARNER CHAPPELL (25%)
RAEL - WARNER CHAPPELL (25%)",PERFORMANCE,NÃO,K SALAAM,WARNER CHAPPELL,25,EMICIDA,Não,,,,True,artist_alias,CanalInternacional_Dezembro2023
NOV/2023,ESPORTE,GLOBO ESPORTE SP,,11112023,11/11/2023,LEVANTA E ANDA,"BEATNICK - WARNER CHAPPELL (25%)
EMICIDA - WARNER CHAPPELL (25%)
K SALAAM - WARNER CHAPPELL (25%)
RAEL - WARNER CHAPPELL (25%)",PERFORMANCE,NÃO,RAEL,WARNER CHAPPELL,25,EMICIDA,Não,,,,True,artist_alias,CanalInternacional_Dezembro2023
NOV/2023,ESPORTE,GLOBO ESPORTE SP,,11112023,11/11/2023,LEVANTA E ANDA,"BEATNICK - WARNER CHAPPELL (25%)
EMICIDA - WARNER CHAPPELL (25%)
K SALAAM - WARNER CHAPPELL (25%)
RAEL - WARNER CHAPPELL (25%)",PERFORMANCE,NÃO,BEATNICK,WARNER CHAPPELL,25,EMICIDA,Não,,,,True,artist_alias,CanalInternacional_Dezembro2023
NOV/2023,ESPORTE,GLOBO ESPORTE SP,,11112023,11/11/2023,LEVANTA E ANDA,"BEATNICK - WARNER CHAPPELL (25%)
EMICIDA - WARNER CHAPPELL (25%)
K SALAAM - WARNER CHAPPELL (25%)
RAEL - WARNER CHAPPELL (25%)",PERFORMANCE,NÃO,EMICIDA,WARNER CHAPPELL,25,EMICIDA,Não,,,,True,artist_alias,CanalInternacional_Dezembro2023
NOV/2023,VARIEDADE SEMANAL,DOMINGAO COM HUCK,,114,12/11/2023,BANHO DE FOLHAS,"EMILLIE LAPA - DUBAS (50%)
LUEDJI LUNA - DUBAS (50%)",FUNDO,NÃO,EMILLIE LAPA,DUBAS,50,LUEDJI LUNA,Não,,,,True,artist_alias,CanalInternacional_Dezembro2023
NOV/2023,VARIEDADE SEMANAL,DOMINGAO COM HUCK,,114,12/11/2023,BANHO DE FOLHAS,"EMILLIE LAPA - DUBAS (50%)
LUEDJI LUNA - DUBAS (50%)",FUNDO,NÃO,LUEDJI LUNA,DUBAS,50,LUEDJI LUNA,Não,,,,True,artist_alias,CanalInternacional_Dezembro2023
NOV/2023,JORNALISMO,FANTASTICO,,2612,12/11/2023,AMARELO,"BELCHIOR - CORISCO (10%)
DJ DUH - WARNER CHAPPELL (10%)
EMICIDA - WARNER CHAPPELL (40%)
FELIPE VASSAO - WARNER CHAPPELL (40%)",PERFORMANCE,NÃO,BELCHIOR,CORISCO,10,EMICIDA,Não,,,,True,artist_alias,CanalInternacional_Dezembro2023
NOV/2023,JORNALISMO,FANTASTICO,,2612,12/11/2023,AMARELO,"BELCHIOR - CORISCO (10%)
DJ DUH - WARNER CHAPPELL (10%)
EMICIDA - WARNER CHAPPELL (40%)
FELIPE VASSAO - WARNER CHAPPELL (40%)",PERFORMANCE,NÃO,FELIPE VASSAO,WARNER CHAPPELL,40,EMICIDA,Não,,,,True,artist_alias,CanalInternacional_Dezembro2023
NOV/2023,JORNALISMO,FANTASTICO,,2612,12/11/2023,AMARELO,"BELCHIOR - CORISCO (10%)
DJ DUH - WARNER CHAPPELL (10%)
EMICIDA - WARNER CHAPPELL (40%)
FELIPE VASSAO - WARNER CHAPPELL (40%)",PERFORMANCE,NÃO,DJ DUH,WARNER CHAPPELL,10,EMICIDA,Não,,,,True,artist_alias,CanalInternacional_Dezembro2023
NOV/2023,JORNALISMO,FANTASTICO,,2612,12/11/2023,AMARELO,"BELCHIOR - CORISCO (10%)
DJ DUH - WARNER CHAPPELL (10%)
EMICIDA - WARNER CHAPPELL (40%)
FELIPE VASSAO - WARNER CHAPPELL (40%)",PERFORMANCE,NÃO,EMICIDA,WARNER CHAPPELL,40,EMICIDA,Não,,,,True,artist_alias,CanalInternacional_Dezembro2023
NOV/2023,VARIEDADE SEMANAL,PIPOCA DA IVETE 2023,,9,12/11/2023,EMBARACA NO BEIJO,"IVETE SANGALO - IESSI MUSIC PUBLISHING (33,34%)
RADAMES VENANCIO - IESSI MUSIC PUBLISHING (33,33%)
SAMIR TRINDADE - WARNER CHAPPELL (33,33%)",PERFORMANCE,NÃO,SAMIR TRINDADE,WARNER CHAPPELL,"33,33",IVETE SANGALO,Não,,,,True,artist_alias,CanalInternacional_Dezembro2023
NOV/2023,VARIEDADE SEMANAL,PIPOCA DA IVETE 2023,,9,12/11/2023,EMBARACA NO BEIJO,"IVETE SANGALO - IESSI MUSIC PUBLISHING (33,34%)
RADAMES VENANCIO - IESSI MUSIC PUBLISHING (33,33%)
SAMIR TRINDADE - WARNER CHAPPELL (33,33%)",PERFORMANCE,NÃO,IVETE SANGALO,IESSI MUSIC PUBLISHING,"33,34",IVETE SANGALO,Não,,,,True,artist_alias,CanalInternacional_Dezembro2023
NOV/2023,VARIEDADE SEMANAL,PIPOCA DA IVETE 2023,,9,12/11/2023,EMBARACA NO BEIJO,"IVETE SANGALO - IESSI MUSIC PUBLISHING (33,34%)
RADAMES VENANCIO - IESSI MUSIC PUBLISHING (33,33%)
SAMIR TRINDADE - WARNER CHAPPELL (33,33%)",PERFORMANCE,NÃO,RADAMES VENANCIO,IESSI MUSIC PUBLISHING,"33,33",IVETE SANGALO,Não,,,,True,artist_alias,CanalInternacional_Dezembro2023
NOV/2023,VARIEDADE SEMANAL,PIPOCA DA IVETE 2023,,9,12/11/2023,PIPOCA DA IVETE,"IVETE SANGALO - IESSI MUSIC PUBLISHING (50%)
SAMIR TRINDADE - WARNER CHAPPELL (50%)",FUNDO,NÃO,IVETE SANGALO,IESSI MUSIC PUBLISHING,50,IVETE SANGALO,Não,,,,True,artist_alias,CanalInternacional_Dezembro2023
NOV/2023,VARIEDADE SEMANAL,PIPOCA DA IVETE 2023,,9,12/11/2023,PIPOCA DA IVETE,"IVETE SANGALO - IESSI MUSIC PUBLISHING (50%)
SAMIR TRINDADE - WARNER CHAPPELL (50%)",FUNDO,NÃO,SAMIR TRINDADE,WARNER CHAPPELL,50,IVETE SANGALO,Não,,,,True,artist_alias,CanalInternacional_Dezembro2023
NOV/2023,VARIEDADE SEMANAL,PIPOCA DA IVETE 2023,,9,12/11/2023,SO LOVE NA CABECA,"GIGI CERQUEIRA - IESSI MUSIC PUBLISHING (25%)
IVETE SANGALO - IESSI MUSIC PUBLISHING (25%)
RADAMES VENANCIO - IESSI MUSIC PUBLISHING (25%)
SAMIR TRINDADE - IESSI MUSIC PUBLISHING (25%)
SAMIR TRINDADE - WARNER CHAPPELL (20%)",PERFORMANCE,NÃO,SAMIR TRINDADE,WARNER CHAPPELL,20,IVETE SANGALO,Não,,,,True,artist_alias,CanalInternacional_Dezembro2023
NOV/2023,VARIEDADE SEMANAL,PIPOCA DA IVETE 2023,,9,12/11/2023,SO LOVE NA CABECA,"GIGI CERQUEIRA - IESSI MUSIC PUBLISHING (25%)
IVETE SANGALO - IESSI MUSIC PUBLISHING (25%)
RADAMES VENANCIO - IESSI MUSIC PUBLISHING (25%)
SAMIR TRINDADE - IESSI MUSIC PUBLISHING (25%)
SAMIR TRINDADE - WARNER CHAPPELL (20%)",PERFORMANCE,NÃO,GIGI CERQUEIRA,IESSI MUSIC PUBLISHING,25,IVETE SANGALO,Não,,,,True,artist_alias,CanalInternacional_Dezembro2023
NOV/2023,VARIEDADE SEMANAL,PIPOCA DA IVETE 2023,,9,12/11/2023,SO LOVE NA CABECA,"GIGI CERQUEIRA - IESSI MUSIC PUBLISHING (25%)
IVETE SANGALO - IESSI MUSIC PUBLISHING (25%)
RADAMES VENANCIO - IESSI MUSIC PUBLISHING (25%)
SAMIR TRINDADE - IESSI MUSIC PUBLISHING (25%)
SAMIR TRINDADE - WARNER CHAPPELL (20%)",PERFORMANCE,NÃO,RADAMES VENANCIO,IESSI MUSIC PUBLISHING,25,IVETE SANGALO,Não,,,,True,artist_alias,CanalInternacional_Dezembro2023
NOV/2023,VARIEDADE SEMANAL,PIPOCA DA IVETE 2023,,9,12/11/2023,SO LOVE NA CABECA,"GIGI CERQUEIRA - IESSI MUSIC PUBLISHING (25%)
IVETE SANGALO - IESSI MUSIC PUBLISHING (25%)
RADAMES VENANCIO - IESSI MUSIC PUBLISHING (25%)
SAMIR TRINDADE - IESSI MUSIC PUBLISHING (25%)
SAMIR TRINDADE - WARNER CHAPPELL (20%)",PERFORMANCE,NÃO,SAMIR TRINDADE,IESSI MUSIC PUBLISHING,25,IVETE SANGALO,Não,,,,True,artist_alias,CanalInternacional_Dezembro2023
NOV/2023,VARIEDADE SEMANAL,PIPOCA DA IVETE 2023,,9,12/11/2023,SO LOVE NA CABECA,"GIGI CERQUEIRA - IESSI MUSIC PUBLISHING (25%)
IVETE SANGALO - IESSI MUSIC PUBLISHING (25%)
RADAMES VENANCIO - IESSI MUSIC PUBLISHING (25%)
SAMIR TRINDADE - IESSI MUSIC PUBLISHING (25%)
SAMIR TRINDADE - WARNER CHAPPELL (20%)",PERFORMANCE,NÃO,IVETE SANGALO,IESSI MUSIC PUBLISHING,25,IVETE SANGALO,Não,,,,True,artist_alias,CanalInternacional_Dezembro2023
NOV/2023,VARIEDADE DIÁRIA,VAI QUE COLA,4ª TEMPORADA,MAICOL O RETORNO,14/11/2023,VIDRO FUME,"ALEX FERRAZ LUIS DOS SANTOS - A DESCOBRIR (33,34%)
DIOGO CORREIA DA SILVA - A DESCOBRIR (33,33%)
TIAGO DA SILVA MERCES - A DESCOBRIR (33,33%)",FUNDO,NÃO,ALEX FERRAZ LUIS DOS SANTOS,A DESCOBRIR,"33,34",MC TH,Sim,,,,True,artist_alias,CanalInternacional_Dezembro2023
NOV/2023,VARIEDADE DIÁRIA,VAI QUE COLA,4ª TEMPORADA,MAICOL O RETORNO,14/11/2023,VIDRO FUME,"ALEX FERRAZ LUIS DOS SANTOS - A DESCOBRIR (33,34%)
DIOGO CORREIA DA SILVA - A DESCOBRIR (33,33%)
TIAGO DA SILVA MERCES - A DESCOBRIR (33,33%)",FUNDO,NÃO,TIAGO DA SILVA MERCES,A DESCOBRIR,"33,33",MC TH,Sim,,,,True,artist_alias,CanalInternacional_Dezembro2023
NOV/2023,VARIEDADE DIÁRIA,VAI QUE COLA,4ª TEMPORADA,MAICOL O RETORNO,14/11/2023,VIDRO FUME,"ALEX FERRAZ LUIS DOS SANTOS - A DESCOBRIR (33,34%)
DIOGO CORREIA DA SILVA - A DESCOBRIR (33,33%)
TIAGO DA SILVA MERCES - A DESCOBRIR (33,33%)",FUNDO,NÃO,DIOGO CORREIA DA SILVA,A DESCOBRIR,"33,33",MC TH,Sim,,,,True,artist_alias,CanalInternacional_Dezembro2023
NOV/2023,VARIEDADE DIÁRIA,PREMIO MULTISHOW 2023,,1,15/11/2023,ALINHAMENTO MILENAR,"JAO - UNIVERSAL MGB (33,4%)
PEDRO TOFANI - UNIVERSAL MGB (33,3%)
ZEBU - A DESCOBRIR (33,3%)",AO VIVO PERFORMANCE,NÃO,JAO,UNIVERSAL MGB,"33,4",JÃO,Não,,,,True,artist_alias,CanalInternacional_Dezembro2023
NOV/2023,VARIEDADE DIÁRIA,PREMIO MULTISHOW 2023,,1,15/11/2023,ALINHAMENTO MILENAR,"JAO - UNIVERSAL MGB (33,4%)
PEDRO TOFANI - UNIVERSAL MGB (33,3%)
ZEBU - A DESCOBRIR (33,3%)",AO VIVO PERFORMANCE,NÃO,PEDRO TOFANI,UNIVERSAL MGB,"33,3",JÃO,Não,,,,True,artist_alias,CanalInternacional_Dezembro2023
NOV/2023,VARIEDADE DIÁRIA,PREMIO MULTISHOW 2023,,1,15/11/2023,ALINHAMENTO MILENAR,"JAO - UNIVERSAL MGB (33,4%)
PEDRO TOFANI - UNIVERSAL MGB (33,3%)
ZEBU - A DESCOBRIR (33,3%)",AO VIVO PERFORMANCE,NÃO,ZEBU,A DESCOBRIR,"33,3",JÃO,Não,,,,True,artist_alias,CanalInternacional_Dezembro2023
NOV/2023,VARIEDADE DIÁRIA,PREMIO MULTISHOW 2023,,1,15/11/2023,TRISTE COM T,"ARTHUR MARQUES - WARNER CHAPPELL (20%)
GORKY - WARNER CHAPPELL (20%)
MAFFALDA - WARNER CHAPPELL (20%)
PABLO BISPO - WARNER CHAPPELL (20%)
ZEBU - WARNER CHAPPELL (20%)",AO VIVO PERFORMANCE,NÃO,MAFFALDA,WARNER CHAPPELL,20,PABLO BISPO,Não,,,,True,artist_alias,CanalInternacional_Dezembro2023
NOV/2023,VARIEDADE DIÁRIA,PREMIO MULTISHOW 2023,,1,15/11/2023,TRISTE COM T,"ARTHUR MARQUES - WARNER CHAPPELL (20%)
GORKY - WARNER CHAPPELL (20%)
MAFFALDA - WARNER CHAPPELL (20%)
PABLO BISPO - WARNER CHAPPELL (20%)
ZEBU - WARNER CHAPPELL (20%)",AO VIVO PERFORMANCE,NÃO,GORKY,WARNER CHAPPELL,20,PABLO BISPO,Não,,,,True,artist_alias,CanalInternacional_Dezembro2023
NOV/2023,VARIEDADE DIÁRIA,PREMIO MULTISHOW 2023,,1,15/11/2023,TRISTE COM T,"ARTHUR MARQUES - WARNER CHAPPELL (20%)
GORKY - WARNER CHAPPELL (20%)
MAFFALDA - WARNER CHAPPELL (20%)
PABLO BISPO - WARNER CHAPPELL (20%)
ZEBU - WARNER CHAPPELL (20%)",AO VIVO PERFORMANCE,NÃO,ZEBU,WARNER CHAPPELL,20,PABLO BISPO,Não,,,,True,artist_alias,CanalInternacional_Dezembro2023
NOV/2023,VARIEDADE DIÁRIA,PREMIO MULTISHOW 2023,,1,15/11/2023,TRISTE COM T,"ARTHUR MARQUES - WARNER CHAPPELL (20%)
GORKY - WARNER CHAPPELL (20%)
MAFFALDA - WARNER CHAPPELL (20%)
PABLO BISPO - WARNER CHAPPELL (20%)
ZEBU - WARNER CHAPPELL (20%)",AO VIVO PERFORMANCE,NÃO,PABLO BISPO,WARNER CHAPPELL,20,PABLO BISPO,Não,,,,True,artist_alias,CanalInternacional_Dezembro2023
NOV/2023,VARIEDADE DIÁRIA,PREMIO MULTISHOW 2023,,1,15/11/2023,TRISTE COM T,"ARTHUR MARQUES - WARNER CHAPPELL (20%)
GORKY - WARNER CHAPPELL (20%)
MAFFALDA - WARNER CHAPPELL (20%)
PABLO BISPO - WARNER CHAPPELL (20%)
ZEBU - WARNER CHAPPELL (20%)",AO VIVO PERFORMANCE,NÃO,ARTHUR MARQUES,WARNER CHAPPELL,20,PABLO BISPO,Não,,,,True,artist_alias,CanalInternacional_Dezembro2023
NOV/2023,VARIEDADE DIÁRIA,PREMIO MULTISHOW 2023,,1,15/11/2023,TUDO PRA AMAR VOCE,"IURI RIO BRANCO - BOA MUSIC RIGHTS (50%)
MARINA SENA - BOA MUSIC RIGHTS (50%)",AO VIVO PERFORMANCE,NÃO,IURI RIO BRANCO,BOA MUSIC RIGHTS,50,MARINA SENA,Não,,,,True,artist_alias,CanalInternacional_Dezembro2023
NOV/2023,VARIEDADE DIÁRIA,PREMIO MULTISHOW 2023,,1,15/11/2023,TUDO PRA AMAR VOCE,"IURI RIO BRANCO - BOA MUSIC RIGHTS (50%)
MARINA SENA - BOA MUSIC RIGHTS (50%)",AO VIVO PERFORMANCE,NÃO,MARINA SENA,BOA MUSIC RIGHTS,50,MARINA SENA,Não,,,,True,artist_alias,CanalInternacional_Dezembro2023
NOV/2023,VARIEDADE DIÁRIA,VAI QUE COLA,4ª TEMPORADA,MOTEL DA DONA JO,17/11/2023,ELA SO QUER PAZ,PROJOTA - UNIVERSAL MGB (100%),FUNDO,NÃO,PROJOTA,UNIVERSAL MGB,100,PROJOTA,Sim,,,,True,artist_alias,CanalInternacional_Dezembro2023
NOV/2023,VARIEDADE SEMANAL,ALTAS HORAS,,1140,18/11/2023,EU JURO,"DEMIAN - SONY MUSIC PUBLISHING (18,75%)
DEMIAN - WARNER CHAPPELL (25%)
FRANK J MYERS - WARNER CHAPPELL (25%)
GARY BAKER - PEERMUSIC (12,5%)
GARY BAKER - SONY MUSIC PUBLISHING (18,75%)",PERFORMANCE,NÃO,DEMIAN,WARNER CHAPPELL,25,LEONARDO,Não,,,,True,artist_alias,CanalInternacional_Dezembro2023
NOV/2023,VARIEDADE SEMANAL,ALTAS HORAS,,1140,18/11/2023,EU JURO,"DEMIAN - SONY MUSIC PUBLISHING (18,75%)
DEMIAN - WARNER CHAPPELL (25%)
FRANK J MYERS - WARNER CHAPPELL (25%)
GARY BAKER - PEERMUSIC (12,5%)
GARY BAKER - SONY MUSIC PUBLISHING (18,75%)",PERFORMANCE,NÃO,GARY BAKER,SONY MUSIC PUBLISHING,"18,75",LEONARDO,Não,,,,True,artist_alias,CanalInternacional_Dezembro2023
NOV/2023,VARIEDADE SEMANAL,ALTAS HORAS,,1140,18/11/2023,EU JURO,"DEMIAN - SONY MUSIC PUBLISHING (18,75%)
DEMIAN - WARNER CHAPPELL (25%)
FRANK J MYERS - WARNER CHAPPELL (25%)
GARY BAKER - PEERMUSIC (12,5%)
GARY BAKER - SONY MUSIC PUBLISHING (18,75%)",PERFORMANCE,NÃO,DEMIAN,SONY MUSIC PUBLISHING,"18,75",LEONARDO,Não,,,,True,artist_alias,CanalInternacional_Dezembro2023
NOV/2023,VARIEDADE SEMANAL,ALTAS HORAS,,1140,18/11/2023,EU JURO,"DEMIAN - SONY MUSIC PUBLISHING (18,75%)
DEMIAN - WARNER CHAPPELL (25%)
FRANK J MYERS - WARNER CHAPPELL (25%)
GARY BAKER - PEERMUSIC (12,5%)
GARY BAKER - SONY MUSIC PUBLISHING (18,75%)",PERFORMANCE,NÃO,GARY BAKER,PEERMUSIC,"12,5",LEONARDO,Não,,,,True,artist_alias,CanalInternacional_Dezembro2023
NOV/2023,VARIEDADE SEMANAL,ALTAS HORAS,,1140,18/11/2023,EU JURO,"DEMIAN - SONY MUSIC PUBLISHING (18,75%)
DEMIAN - WARNER CHAPPELL (25%)
FRANK J MYERS - WARNER CHAPPELL (25%)
GARY BAKER - PEERMUSIC (12,5%)
GARY BAKER - SONY MUSIC PUBLISHING (18,75%)",PERFORMANCE,NÃO,FRANK J MYERS,WARNER CHAPPELL,25,LEONARDO,Não,,,,True,artist_alias,CanalInternacional_Dezembro2023
NOV/2023,VARIEDADE SEMANAL,PIPOCA DA IVETE 2023,,10,19/11/2023,FLOR DO REGGAE,"FABINHO O BRIAN - IESSI MUSIC PUBLISHING (33,34%)
GIGI - IESSI MUSIC PUBLISHING (33,33%)
IVETE SANGALO - IESSI MUSIC PUBLISHING (33,33%)",PERFORMANCE,NÃO,IVETE SANGALO,IESSI MUSIC PUBLISHING,"33,33",IVETE SANGALO,Não,,,,True,artist_alias,CanalInternacional_Dezembro2023
NOV/2023,VARIEDADE SEMANAL,PIPOCA DA IVETE 2023,,10,19/11/2023,FLOR DO REGGAE,"FABINHO O BRIAN - IESSI MUSIC PUBLISHING (33,34%)
GIGI - IESSI MUSIC PUBLISHING (33,33%)
IVETE SANGALO - IESSI MUSIC PUBLISHING (33,33%)",PERFORMANCE,NÃO,GIGI,IESSI MUSIC PUBLISHING,"33,33",IVETE SANGALO,Não,,,,True,artist_alias,CanalInternacional_Dezembro2023
NOV/2023,VARIEDADE SEMANAL,PIPOCA DA IVETE 2023,,10,19/11/2023,FLOR DO REGGAE,"FABINHO O BRIAN - IESSI MUSIC PUBLISHING (33,34%)
GIGI - IESSI MUSIC PUBLISHING (33,33%)
IVETE SANGALO - IESSI MUSIC PUBLISHING (33,33%)",PERFORMANCE,NÃO,FABINHO O BRIAN,IESSI MUSIC PUBLISHING,"33,34",IVETE SANGALO,Não,,,,True,artist_alias,CanalInternacional_Dezembro2023
NOV/2023,VARIEDADE SEMANAL,PIPOCA DA IVETE 2023,,10,19/11/2023,PIPOCA DA IVETE,"IVETE SANGALO - IESSI MUSIC PUBLISHING (50%)
SAMIR TRINDADE - WARNER CHAPPELL (50%)",FUNDO,NÃO,SAMIR TRINDADE,WARNER CHAPPELL,50,IVETE SANGALO,Não,,,,True,artist_alias,CanalInternacional_Dezembro2023
NOV/2023,VARIEDADE SEMANAL,PIPOCA DA IVETE 2023,,10,19/11/2023,PIPOCA DA IVETE,"IVETE SANGALO - IESSI MUSIC PUBLISHING (50%)
SAMIR TRINDADE - WARNER CHAPPELL (50%)",FUNDO,NÃO,IVETE SANGALO,IESSI MUSIC PUBLISHING,50,IVETE SANGALO,Não,,,,True,artist_alias,CanalInternacional_Dezembro2023
NOV/2023,ESPORTE,GLOBO ESPORTE SP,,20112023,20/11/2023,ISMALIA,"EMICIDA - WARNER CHAPPELL (50%)
NAVE - SONY MUSIC PUBLISHING (25%)
RENAN SAMAM - A DESCOBRIR (25%)",PERFORMANCE,NÃO,EMICIDA,WARNER CHAPPELL,50,EMICIDA,Não,,,,True,artist_alias,CanalInternacional_Dezembro2023
NOV/2023,ESPORTE,GLOBO ESPORTE SP,,20112023,20/11/2023,ISMALIA,"EMICIDA - WARNER CHAPPELL (50%)
NAVE - SONY MUSIC PUBLISHING (25%)
RENAN SAMAM - A DESCOBRIR (25%)",PERFORMANCE,NÃO,RENAN SAMAM,A DESCOBRIR,25,EMICIDA,Não,,,,True,artist_alias,CanalInternacional_Dezembro2023
NOV/2023,ESPORTE,GLOBO ESPORTE SP,,20112023,20/11/2023,ISMALIA,"EMICIDA - WARNER CHAPPELL (50%)
NAVE - SONY MUSIC PUBLISHING (25%)
RENAN SAMAM - A DESCOBRIR (25%)",PERFORMANCE,NÃO,NAVE,SONY MUSIC PUBLISHING,25,EMICIDA,Não,,,,True,artist_alias,CanalInternacional_Dezembro2023
NOV/2023,JORNALISMO,FANTASTICO,,2614,26/11/2023,MEU NAMORADO E MAIOR OTARIO,MC CAROL - VRC PRODUCOES ARTISTICAS LTDA (100%),PERFORMANCE,NÃO,MC CAROL,VRC PRODUCOES ARTISTICAS LTDA,100,MC CAROL,Não,,,,True,artist_alias,CanalInternacional_Dezembro2023
NOV/2023,VARIEDADE SEMANAL,PIPOCA DA IVETE 2023,,11,26/11/2023,EVA,"GIANCARLO BIGAZZI - PEERMUSIC (49,99%)
M FICARELLI - PEERMUSIC (,01%)
UMBERTO TOZZI - PEERMUSIC (50%)",PERFORMANCE,NÃO,GIANCARLO BIGAZZI,PEERMUSIC,"49,99",IVETE SANGALO,Sim,,,,True,artist_alias,CanalInternacional_Dezembro2023
NOV/2023,VARIEDADE SEMANAL,PIPOCA DA IVETE 2023,,11,26/11/2023,EVA,"GIANCARLO BIGAZZI - PEERMUSIC (49,99%)
M FICARELLI - PEERMUSIC (,01%)
UMBERTO TOZZI - PEERMUSIC (50%)",PERFORMANCE,NÃO,UMBERTO TOZZI,PEERMUSIC,50,IVETE SANGALO,Sim,,,,True,artist_alias,CanalInternacional_Dezembro2023
NOV/2023,VARIEDADE SEMANAL,PIPOCA DA IVETE 2023,,11,26/11/2023,EVA,"GIANCARLO BIGAZZI - PEERMUSIC (49,99%)
M FICARELLI - PEERMUSIC (,01%)
UMBERTO TOZZI - PEERMUSIC (50%)",PERFORMANCE,NÃO,M FICARELLI,PEERMUSIC,"0,01",IVETE SANGALO,Sim,,,,True,artist_alias,CanalInternacional_Dezembro2023
NOV/2023,VARIEDADE SEMANAL,PIPOCA DA IVETE 2023,,11,26/11/2023,MUITO OBRIGADO AXE,CARLINHOS BROWN - WARNER CHAPPELL (100%),FUNDO,NÃO,CARLINHOS BROWN,WARNER CHAPPELL,100,IVETE SANGALO,Não,,,,True,artist_alias,CanalInternacional_Dezembro2023
NOV/2023,VARIEDADE SEMANAL,PIPOCA DA IVETE 2023,,11,26/11/2023,PIPOCA DA IVETE,"IVETE SANGALO - IESSI MUSIC PUBLISHING (50%)
SAMIR TRINDADE - WARNER CHAPPELL (50%)",FUNDO,NÃO,IVETE SANGALO,IESSI MUSIC PUBLISHING,50,IVETE SANGALO,Não,,,,True,artist_alias,CanalInternacional_Dezembro2023
NOV/2023,VARIEDADE SEMANAL,PIPOCA DA IVETE 2023,,11,26/11/2023,PIPOCA DA IVETE,"IVETE SANGALO - IESSI MUSIC PUBLISHING (50%)
SAMIR TRINDADE - WARNER CHAPPELL (50%)",FUNDO,NÃO,SAMIR TRINDADE,WARNER CHAPPELL,50,IVETE SANGALO,Não,,,,True,artist_alias,CanalInternacional_Dezembro2023
NOV/2023,VARIEDADE SEMANAL,PIPOCA DA IVETE 2023,,11,26/11/2023,TEMPO DE ALEGRIA,"FILIPE ESCANDURRAS - IESSI MUSIC PUBLISHING (33,34%)
FILIPE ESCANDURRAS - SONY MUSIC PUBLISHING (33,34%)
GIGI - IESSI MUSIC PUBLISHING (33,33%)
GIGI - SONY MUSIC PUBLISHING (33,33%)
MAGNO SANT ANNA - IESSI MUSIC PUBLISHING (33,33%)
MAGNO SANT ANNA - SONY MUSIC PUBLISHING (33,33%)",FUNDO,NÃO,MAGNO SANT ANNA,SONY MUSIC PUBLISHING,"33,33",IVETE SANGALO,Não,,,,True,artist_alias,CanalInternacional_Dezembro2023
NOV/2023,VARIEDADE SEMANAL,PIPOCA DA IVETE 2023,,11,26/11/2023,TEMPO DE ALEGRIA,"FILIPE ESCANDURRAS - IESSI MUSIC PUBLISHING (33,34%)
FILIPE ESCANDURRAS - SONY MUSIC PUBLISHING (33,34%)
GIGI - IESSI MUSIC PUBLISHING (33,33%)
GIGI - SONY MUSIC PUBLISHING (33,33%)
MAGNO SANT ANNA - IESSI MUSIC PUBLISHING (33,33%)
MAGNO SANT ANNA - SONY MUSIC PUBLISHING (33,33%)",FUNDO,NÃO,FILIPE ESCANDURRAS,SONY MUSIC PUBLISHING,"33,34",IVETE SANGALO,Não,,,,True,artist_alias,CanalInternacional_Dezembro2023
NOV/2023,VARIEDADE SEMANAL,PIPOCA DA IVETE 2023,,11,26/11/2023,TEMPO DE ALEGRIA,"FILIPE ESCANDURRAS - IESSI MUSIC PUBLISHING (33,34%)
FILIPE ESCANDURRAS - SONY MUSIC PUBLISHING (33,34%)
GIGI - IESSI MUSIC PUBLISHING (33,33%)
GIGI - SONY MUSIC PUBLISHING (33,33%)
MAGNO SANT ANNA - IESSI MUSIC PUBLISHING (33,33%)
MAGNO SANT ANNA - SONY MUSIC PUBLISHING (33,33%)",FUNDO,NÃO,FILIPE ESCANDURRAS,IESSI MUSIC PUBLISHING,"33,34",IVETE SANGALO,Não,,,,True,artist_alias,CanalInternacional_Dezembro2023
NOV/2023,VARIEDADE SEMANAL,PIPOCA DA IVETE 2023,,11,26/11/2023,TEMPO DE ALEGRIA,"FILIPE ESCANDURRAS - IESSI MUSIC PUBLISHING (33,34%)
FILIPE ESCANDURRAS - SONY MUSIC PUBLISHING (33,34%)
GIGI - IESSI MUSIC PUBLISHING (33,33%)
GIGI - SONY MUSIC PUBLISHING (33,33%)
MAGNO SANT ANNA - IESSI MUSIC PUBLISHING (33,33%)
MAGNO SANT ANNA - SONY MUSIC PUBLISHING (33,33%)",FUNDO,NÃO,MAGNO SANT ANNA,IESSI MUSIC PUBLISHING,"33,33",IVETE SANGALO,Não,,,,True,artist_alias,CanalInternacional_Dezembro2023
NOV/2023,VARIEDADE SEMANAL,PIPOCA DA IVETE 2023,,11,26/11/2023,TEMPO DE ALEGRIA,"FILIPE ESCANDURRAS - IESSI MUSIC PUBLISHING (33,34%)
FILIPE ESCANDURRAS - SONY MUSIC PUBLISHING (33,34%)
GIGI - IESSI MUSIC PUBLISHING (33,33%)
GIGI - SONY MUSIC PUBLISHING (33,33%)
MAGNO SANT ANNA - IESSI MUSIC PUBLISHING (33,33%)
MAGNO SANT ANNA - SONY MUSIC PUBLISHING (33,33%)",FUNDO,NÃO,GIGI,SONY MUSIC PUBLISHING,"33,33",IVETE SANGALO,Não,,,,True,artist_alias,CanalInternacional_Dezembro2023
NOV/2023,VARIEDADE SEMANAL,PIPOCA DA IVETE 2023,,11,26/11/2023,TEMPO DE ALEGRIA,"FILIPE ESCANDURRAS - IESSI MUSIC PUBLISHING (33,34%)
FILIPE ESCANDURRAS - SONY MUSIC PUBLISHING (33,34%)
GIGI - IESSI MUSIC PUBLISHING (33,33%)
GIGI - SONY MUSIC PUBLISHING (33,33%)
MAGNO SANT ANNA - IESSI MUSIC PUBLISHING (33,33%)
MAGNO SANT ANNA - SONY MUSIC PUBLISHING (33,33%)",FUNDO,NÃO,GIGI,IESSI MUSIC PUBLISHING,"33,33",IVETE SANGALO,Não,,,,True,artist_alias,CanalInternacional_Dezembro2023
NOV/2023,VARIEDADE DIÁRIA,MAIS VOCE,,5958,29/11/2023,EVA,"GIANCARLO BIGAZZI - PEERMUSIC (49,99%)
M FICARELLI - PEERMUSIC (,01%)
UMBERTO TOZZI - PEERMUSIC (50%)",AO VIVO FUNDO,NÃO,UMBERTO TOZZI,PEERMUSIC,50,IVETE SANGALO,Não,,,,True,artist_alias,CanalInternacional_Dezembro2023
NOV/2023,VARIEDADE DIÁRIA,MAIS VOCE,,5958,29/11/2023,EVA,"GIANCARLO BIGAZZI - PEERMUSIC (49,99%)
M FICARELLI - PEERMUSIC (,01%)
UMBERTO TOZZI - PEERMUSIC (50%)",AO VIVO FUNDO,NÃO,GIANCARLO BIGAZZI,PEERMUSIC,"49,99",IVETE SANGALO,Não,,,,True,artist_alias,CanalInternacional_Dezembro2023
NOV/2023,VARIEDADE DIÁRIA,MAIS VOCE,,5958,29/11/2023,EVA,"GIANCARLO BIGAZZI - PEERMUSIC (49,99%)
M FICARELLI - PEERMUSIC (,01%)
UMBERTO TOZZI - PEERMUSIC (50%)",AO VIVO FUNDO,NÃO,M FICARELLI,PEERMUSIC,"0,01",IVETE SANGALO,Não,,,,True,artist_alias,CanalInternacional_Dezembro2023
NOV/2023,VARIEDADE DIÁRIA,VAI QUE COLA,5ª TEMPORADA,F DE FALSIANE,30/11/2023,AS NOVINHAS TAO SENSACIONAL,"ISIDORO FERREIRA - UNIVERSAL MGB (50%)
PABLO FRANCISCO SILVA - UNIVERSAL MGB (50%)",FUNDO,NÃO,ISIDORO FERREIRA,UNIVERSAL MGB,50,MC ROMÂNTICO,SIm,,,,True,artist_alias,CanalInternacional_Dezembro2023
NOV/2023,VARIEDADE DIÁRIA,VAI QUE COLA,5ª TEMPORADA,F DE FALSIANE,30/11/2023,AS NOVINHAS TAO SENSACIONAL,"ISIDORO FERREIRA - UNIVERSAL MGB (50%)
PABLO FRANCISCO SILVA - UNIVERSAL MGB (50%)",FUNDO,NÃO,PABLO FRANCISCO SILVA,UNIVERSAL MGB,50,MC ROMÂNTICO,SIm,,,,True,artist_alias,CanalInternacional_Dezembro2023
NOV/2023,VARIEDADE SEMANAL,A DIARISTA,MARINETE A MUSA DO VERAO,1,01/11/2023,CIUME DE VOCE,LUIZ AYRAO - SONY MUSIC PUBLISHING (100%),PERFORMANCE,NÃO,LUIZ AYRAO,SONY MUSIC PUBLISHING,100,FELIPE DYLON,Sim,,,,True,artist_alias,CanalInternacional_Dezembro2023
NOV/2023,VARIEDADE SEMANAL,A DIARISTA,MARINETE A MUSA DO VERAO,1,01/11/2023,MUSA DO VERAO,"CESAR LEMOS - WARNER CHAPPELL (50%)
KARLA APONTE - UNIVERSAL MGB (50%)",PERFORMANCE,NÃO,KARLA APONTE,UNIVERSAL MGB,50,FELIPE DYLON,Sim,,,,True,artist_alias,CanalInternacional_Dezembro2023
NOV/2023,VARIEDADE SEMANAL,A DIARISTA,MARINETE A MUSA DO VERAO,1,01/11/2023,MUSA DO VERAO,"CESAR LEMOS - WARNER CHAPPELL (50%)
KARLA APONTE - UNIVERSAL MGB (50%)",PERFORMANCE,NÃO,CESAR LEMOS,WARNER CHAPPELL,50,FELIPE DYLON,Sim,,,,True,artist_alias,CanalInternacional_Dezembro2023
NOV/2023,DRAMATURGIA SEMANAL,A GRANDE FAMILIA,VOVO GATINHA,1,06/11/2023,BATMAN THEME,NEAL HEFTI - SONY MUSIC PUBLISHING (100%),FUNDO,NÃO,NEAL HEFTI,SONY MUSIC PUBLISHING,100,ANONIMO,Sim,,,,True,artist_alias,CanalInternacional_Dezembro2023
NOV/2023,DRAMATURGIA SEMANAL,A GRANDE FAMILIA,VOVO GATINHA,1,06/11/2023,CANCAO DAS MISSES,LOURIVAL FAISSAL - ADDAF (100%),FUNDO,NÃO,LOURIVAL FAISSAL,ADDAF,100,ANONIMO,Sim,,,,True,artist_alias,CanalInternacional_Dezembro2023
NOV/2023,DRAMATURGIA SEMANAL,A GRANDE FAMILIA,VOVO GATINHA,1,06/11/2023,LA DEPRESSION,YASUHARU KONISHI - WARNER CHAPPELL (100%),FUNDO,NÃO,YASUHARU KONISHI,WARNER CHAPPELL,100,ANONIMO,Sim,,,,True,artist_alias,CanalInternacional_Dezembro2023
NOV/2023,DRAMATURGIA SEMANAL,A GRANDE FAMILIA,VOVO GATINHA,1,06/11/2023,RODA RODA RODA,"JORGE MEDEIROS - VITALE (33,33%)
MARCUS PITTER - VITALE (33,34%)
NALYGIA SANTOS - VITALE (33,33%)",PERFORMANCE,NÃO,MARCUS PITTER,VITALE,"33,34",ANONIMO,Sim,,,,True,artist_alias,CanalInternacional_Dezembro2023
NOV/2023,DRAMATURGIA SEMANAL,A GRANDE FAMILIA,VOVO GATINHA,1,06/11/2023,RODA RODA RODA,"JORGE MEDEIROS - VITALE (33,33%)
MARCUS PITTER - VITALE (33,34%)
NALYGIA SANTOS - VITALE (33,33%)",PERFORMANCE,NÃO,NALYGIA SANTOS,VITALE,"33,33",ANONIMO,Sim,,,,True,artist_alias,CanalInternacional_Dezembro2023
NOV/2023,DRAMATURGIA SEMANAL,A GRANDE FAMILIA,VOVO GATINHA,1,06/11/2023,RODA RODA RODA,"JORGE MEDEIROS - VITALE (33,33%)
MARCUS PITTER - VITALE (33,34%)
NALYGIA SANTOS - VITALE (33,33%)",PERFORMANCE,NÃO,JORGE MEDEIROS,VITALE,"33,33",ANONIMO,Sim,,,,True,artist_alias,CanalInternacional_Dezembro2023
NOV/2023,VARIEDADE DIÁRIA,BIG BROTHER BRASIL 5,,30,07/11/2023,UM GRITO QUE ECOA NO AR (HOMEM NATUREZA O EQUILIBRIO PERFEITO),"JOAO BOSCO - EDIMUSA (33,34%)
MARCAO - EDIMUSA (33,33%)
MARCELO RAMOS - EDIMUSA (33,33%)",FUNDO,NÃO,MARCAO,EDIMUSA,"33,33",NEGO,Não,,,,True,artist_alias,CanalInternacional_Dezembro2023
NOV/2023,VARIEDADE DIÁRIA,BIG BROTHER BRASIL 5,,30,07/11/2023,UM GRITO QUE ECOA NO AR (HOMEM NATUREZA O EQUILIBRIO PERFEITO),"JOAO BOSCO - EDIMUSA (33,34%)
MARCAO - EDIMUSA (33,33%)
MARCELO RAMOS - EDIMUSA (33,33%)",FUNDO,NÃO,MARCELO RAMOS,EDIMUSA,"33,33",NEGO,Não,,,,True,artist_alias,CanalInternacional_Dezembro2023
NOV/2023,VARIEDADE DIÁRIA,BIG BROTHER BRASIL 5,,30,07/11/2023,UM GRITO QUE ECOA NO AR (HOMEM NATUREZA O EQUILIBRIO PERFEITO),"JOAO BOSCO - EDIMUSA (33,34%)
MARCAO - EDIMUSA (33,33%)
MARCELO RAMOS - EDIMUSA (33,33%)",FUNDO,NÃO,JOAO BOSCO,EDIMUSA,"33,34",NEGO,Não,,,,True,artist_alias,CanalInternacional_Dezembro2023
NOV/2023,VARIEDADE DIÁRIA,ESCOLINHA PROFESSOR RAIMUNDO,,961,14/11/2023,TEM BOI NA LINHA,"R MARTINS - VITALE (50%)
RAUL TORRES - VITALE (50%)",FUNDO,NÃO,R MARTINS,VITALE,50,ANONIMO,Sim,,,,True,artist_alias,CanalInternacional_Dezembro2023
NOV/2023,VARIEDADE DIÁRIA,ESCOLINHA PROFESSOR RAIMUNDO,,961,14/11/2023,TEM BOI NA LINHA,"R MARTINS - VITALE (50%)
RAUL TORRES - VITALE (50%)",FUNDO,NÃO,RAUL TORRES,VITALE,50,ANONIMO,Sim,,,,True,artist_alias,CanalInternacional_Dezembro2023
NOV/2023,VARIEDADE DIÁRIA,BIG BROTHER BRASIL 5,,44,21/11/2023,BREJEIRO,"ERNESTO NAZARETH - DP (0%)
MU CARVALHO - MU CARVALHO (100%)",FUNDO,NÃO,MU CARVALHO,MU CARVALHO,100,MU CARVALHO,Não,,,,True,artist_alias,CanalInternacional_Dezembro2023
NOV/2023,VARIEDADE SEMANAL,A DIARISTA,NUMEROS PRIMOS,1,22/11/2023,ISTO E LA COM SANTO ANTONIO,LAMARTINE BABO - MANGIONE (100%),FUNDO,NÃO,LAMARTINE BABO,MANGIONE,100,ANONIMO,Sim,,,,True,artist_alias,CanalInternacional_Dezembro2023
NOV/2023,VARIEDADE SEMANAL,A DIARISTA,O QUE E QUE O FIGUEIRINHA TEM,1,23/11/2023,O QUE E QUE A BAIANA TEM,DORIVAL CAYMMI - MANGIONE (100%),FUNDO,NÃO,DORIVAL CAYMMI,MANGIONE,100,DORIVAL CAYMMI,Sim,,,,True,artist_alias,CanalInternacional_Dezembro2023
NOV/2023,JORNALISMO,LEANDRO E LEONARDO 92,,8,25/11/2023,FREVOADOR,"BOB DYLAN - SONY MUSIC PUBLISHING (33,33%)
JACQUES LEVY - SONY MUSIC PUBLISHING (33,33%)
ZE RAMALHO - SONY MUSIC PUBLISHING (33,34%)",PERFORMANCE,NÃO,JACQUES LEVY,SONY MUSIC PUBLISHING,"33,33",ZE RAMALHO,Sim,,,,True,artist_alias,CanalInternacional_Dezembro2023
NOV/2023,JORNALISMO,LEANDRO E LEONARDO 92,,8,25/11/2023,FREVOADOR,"BOB DYLAN - SONY MUSIC PUBLISHING (33,33%)
JACQUES LEVY - SONY MUSIC PUBLISHING (33,33%)
ZE RAMALHO - SONY MUSIC PUBLISHING (33,34%)",PERFORMANCE,NÃO,BOB DYLAN,SONY MUSIC PUBLISHING,"33,33",ZE RAMALHO,Sim,,,,True,artist_alias,CanalInternacional_Dezembro2023
NOV/2023,JORNALISMO,LEANDRO E LEONARDO 92,,8,25/11/2023,FREVOADOR,"BOB DYLAN - SONY MUSIC PUBLISHING (33,33%)
JACQUES LEVY - SONY MUSIC PUBLISHING (33,33%)
ZE RAMALHO - SONY MUSIC PUBLISHING (33,34%)",PERFORMANCE,NÃO,ZE RAMALHO,SONY MUSIC PUBLISHING,"33,34",ZE RAMALHO,Sim,,,,True,artist_alias,CanalInternacional_Dezembro2023
NOV/2023,JORNALISMO,LEANDRO E LEONARDO 92,,8,25/11/2023,TUDO ESTA CONTIGO,"FAGNER - SONY MUSIC PUBLISHING (50%)
FAUSTO NILO - SONY MUSIC PUBLISHING (50%)",PERFORMANCE,NÃO,FAUSTO NILO,SONY MUSIC PUBLISHING,50,FAGNER,Sim,,,,True,artist_alias,CanalInternacional_Dezembro2023
NOV/2023,JORNALISMO,LEANDRO E LEONARDO 92,,8,25/11/2023,TUDO ESTA CONTIGO,"FAGNER - SONY MUSIC PUBLISHING (50%)
FAUSTO NILO - SONY MUSIC PUBLISHING (50%)",PERFORMANCE,NÃO,FAGNER,SONY MUSIC PUBLISHING,50,FAGNER,Sim,,,,True,artist_alias,CanalInternacional_Dezembro2023
NOV/2023,DRAMATURGIA DIÁRIA,AMERICA,,1,27/11/2023,SOY LOCO POR TI AMERICA,"CAPINAN - WARNER CHAPPELL (50%)
GILBERTO GIL - SONY MUSIC PUBLISHING (50%)",TEMA,NÃO,CAPINAN,WARNER CHAPPELL,50,IVETE SANGALO,Não,,,,True,artist_alias,CanalInternacional_Dezembro2023
NOV/2023,DRAMATURGIA DIÁRIA,AMERICA,,1,27/11/2023,SOY LOCO POR TI AMERICA,"CAPINAN - WARNER CHAPPELL (50%)
GILBERTO GIL - SONY MUSIC PUBLISHING (50%)",TEMA,NÃO,GILBERTO GIL,SONY MUSIC PUBLISHING,50,IVETE SANGALO,Não,,,,True,artist_alias,CanalInternacional_Dezembro2023
NOV/2023,DRAMATURGIA DIÁRIA,AMERICA,,1,27/11/2023,VOCE,"ERASMO CARLOS - WARNER CHAPPELL (50%)
ROBERTO CARLOS - WARNER CHAPPELL (50%)",TEMA,NÃO,ROBERTO CARLOS,WARNER CHAPPELL,50,MARINA ELALI,Não,,,,True,artist_alias,CanalInternacional_Dezembro2023
NOV/2023,DRAMATURGIA DIÁRIA,AMERICA,,1,27/11/2023,VOCE,"ERASMO CARLOS - WARNER CHAPPELL (50%)
ROBERTO CARLOS - WARNER CHAPPELL (50%)",TEMA,NÃO,ERASMO CARLOS,WARNER CHAPPELL,50,MARINA ELALI,Não,,,,True,artist_alias,CanalInternacional_Dezembro2023
NOV/2023,DRAMATURGIA DIÁRIA,AMERICA,,2,28/11/2023,SOY LOCO POR TI AMERICA,"CAPINAN - WARNER CHAPPELL (50%)
GILBERTO GIL - SONY MUSIC PUBLISHING (50%)",ABERTURA,NÃO,CAPINAN,WARNER CHAPPELL,50,IVETE SANGALO,Não,,,,True,artist_alias,CanalInternacional_Dezembro2023
NOV/2023,DRAMATURGIA DIÁRIA,AMERICA,,2,28/11/2023,SOY LOCO POR TI AMERICA,"CAPINAN - WARNER CHAPPELL (50%)
GILBERTO GIL - SONY MUSIC PUBLISHING (50%)",ABERTURA,NÃO,GILBERTO GIL,SONY MUSIC PUBLISHING,50,IVETE SANGALO,Não,,,,True,artist_alias,CanalInternacional_Dezembro2023
NOV/2023,VARIEDADE DIÁRIA,PREMIO MULTISHOW 2023,,1,15/11/2023,ALINHAMENTO MILENAR,"JAO - UNIVERSAL MGB (33,4%)
PEDRO TOFANI - UNIVERSAL MGB (33,3%)
ZEBU - A DESCOBRIR (33,3%)",PERFORMANCE,NÃO,JAO,UNIVERSAL MGB,"33,4",JÃO,Não,,,,True,artist_alias,CanalInternacional_Dezembro2023
NOV/2023,VARIEDADE DIÁRIA,PREMIO MULTISHOW 2023,,1,15/11/2023,ALINHAMENTO MILENAR,"JAO - UNIVERSAL MGB (33,4%)
PEDRO TOFANI - UNIVERSAL MGB (33,3%)
ZEBU - A DESCOBRIR (33,3%)",PERFORMANCE,NÃO,ZEBU,A DESCOBRIR,"33,3",JÃO,Não,,,,True,artist_alias,CanalInternacional_Dezembro2023
NOV/2023,VARIEDADE DIÁRIA,PREMIO MULTISHOW 2023,,1,15/11/2023,ALINHAMENTO MILENAR,"JAO - UNIVERSAL MGB (33,4%)
PEDRO TOFANI - UNIVERSAL MGB (33,3%)
ZEBU - A DESCOBRIR (33,3%)",PERFORMANCE,NÃO,PEDRO TOFANI,UNIVERSAL MGB,"33,3",JÃO,Não,,,,True,artist_alias,CanalInternacional_Dezembro2023
NOV/2023,VARIEDADE DIÁRIA,PREMIO MULTISHOW 2023,,1,15/11/2023,TRISTE COM T,"ARTHUR MARQUES - WARNER CHAPPELL (20%)
GORKY - WARNER CHAPPELL (20%)
MAFFALDA - WARNER CHAPPELL (20%)
PABLO BISPO - WARNER CHAPPELL (20%)
ZEBU - WARNER CHAPPELL (20%)",PERFORMANCE,NÃO,MAFFALDA,WARNER CHAPPELL,20,PABLO BISPO,Não,,,,True,artist_alias,CanalInternacional_Dezembro2023
NOV/2023,VARIEDADE DIÁRIA,PREMIO MULTISHOW 2023,,1,15/11/2023,TRISTE COM T,"ARTHUR MARQUES - WARNER CHAPPELL (20%)
GORKY - WARNER CHAPPELL (20%)
MAFFALDA - WARNER CHAPPELL (20%)
PABLO BISPO - WARNER CHAPPELL (20%)
ZEBU - WARNER CHAPPELL (20%)",PERFORMANCE,NÃO,ARTHUR MARQUES,WARNER CHAPPELL,20,PABLO BISPO,Não,,,,True,artist_alias,CanalInternacional_Dezembro2023
NOV/2023,VARIEDADE DIÁRIA,PREMIO MULTISHOW 2023,,1,15/11/2023,TRISTE COM T,"ARTHUR MARQUES - WARNER CHAPPELL (20%)
GORKY - WARNER CHAPPELL (20%)
MAFFALDA - WARNER CHAPPELL (20%)
PABLO BISPO - WARNER CHAPPELL (20%)
ZEBU - WARNER CHAPPELL (20%)",PERFORMANCE,NÃO,PABLO BISPO,WARNER CHAPPELL,20,PABLO BISPO,Não,,,,True,artist_alias,CanalInternacional_Dezembro2023
NOV/2023,VARIEDADE DIÁRIA,PREMIO MULTISHOW 2023,,1,15/11/2023,TRISTE COM T,"ARTHUR MARQUES - WARNER CHAPPELL (20%)
GORKY - WARNER CHAPPELL (20%)
MAFFALDA - WARNER CHAPPELL (20%)
PABLO BISPO - WARNER CHAPPELL (20%)
ZEBU - WARNER CHAPPELL (20%)",PERFORMANCE,NÃO,GORKY,WARNER CHAPPELL,20,PABLO BISPO,Não,,,,True,artist_alias,CanalInternacional_Dezembro2023
NOV/2023,VARIEDADE DIÁRIA,PREMIO MULTISHOW 2023,,1,15/11/2023,TRISTE COM T,"ARTHUR MARQUES - WARNER CHAPPELL (20%)
GORKY - WARNER CHAPPELL (20%)
MAFFALDA - WARNER CHAPPELL (20%)
PABLO BISPO - WARNER CHAPPELL (20%)
ZEBU - WARNER CHAPPELL (20%)",PERFORMANCE,NÃO,ZEBU,WARNER CHAPPELL,20,PABLO BISPO,Não,,,,True,artist_alias,CanalInternacional_Dezembro2023
NOV/2023,VARIEDADE DIÁRIA,PREMIO MULTISHOW 2023,,1,15/11/2023,TUDO PRA AMAR VOCE,"IURI RIO BRANCO - BOA MUSIC RIGHTS (50%)
MARINA SENA - BOA MUSIC RIGHTS (50%)",PERFORMANCE,NÃO,MARINA SENA,BOA MUSIC RIGHTS,50,MARINA SENA,Não,,,,True,artist_alias,CanalInternacional_Dezembro2023
NOV/2023,VARIEDADE DIÁRIA,PREMIO MULTISHOW 2023,,1,15/11/2023,TUDO PRA AMAR VOCE,"IURI RIO BRANCO - BOA MUSIC RIGHTS (50%)
MARINA SENA - BOA MUSIC RIGHTS (50%)",PERFORMANCE,NÃO,IURI RIO BRANCO,BOA MUSIC RIGHTS,50,MARINA SENA,Não,,,,True,artist_alias,CanalInternacional_Dezembro2023
NOV/2023,VARIEDADE DIÁRIA,MAIS VOCE,,5958,29/11/2023,EVA,"GIANCARLO BIGAZZI - PEERMUSIC (49,99%)
M FICARELLI - PEERMUSIC (,01%)
UMBERTO TOZZI - PEERMUSIC (50%)",FUNDO,NÃO,UMBERTO TOZZI,PEERMUSIC,50,IVETE SANGALO,Não,,,,True,artist_alias,CanalInternacional_Dezembro2023
NOV/2023,VARIEDADE DIÁRIA,MAIS VOCE,,5958,29/11/2023,EVA,"GIANCARLO BIGAZZI - PEERMUSIC (49,99%)
M FICARELLI - PEERMUSIC (,01%)
UMBERTO TOZZI - PEERMUSIC (50%)",FUNDO,NÃO,M FICARELLI,PEERMUSIC,"0,01",IVETE SANGALO,Não,,,,True,artist_alias,CanalInternacional_Dezembro2023
NOV/2023,VARIEDADE DIÁRIA,MAIS VOCE,,5958,29/11/2023,EVA,"GIANCARLO BIGAZZI - PEERMUSIC (49,99%)
M FICARELLI - PEERMUSIC (,01%)
UMBERTO TOZZI - PEERMUSIC (50%)",FUNDO,NÃO,GIANCARLO BIGAZZI,PEERMUSIC,"49,99",IVETE SANGALO,Não,,,,True,artist_alias,CanalInternacional_Dezembro2023
NOV/2023,JORNALISMO,FANTASTICO,,2611,05/11/2023,BANHO DE FOLHAS,"EMILLIE LAPA - DUBAS (50%)
LUEDJI LUNA - DUBAS (50%)",PERFORMANCE,NÃO,EMILLIE LAPA,DUBAS,50,LUEDJI LUNA,Não,,,,True,artist_alias,CanalInternacional_Dezembro2023
NOV/2023,JORNALISMO,FANTASTICO,,2611,05/11/2023,BANHO DE FOLHAS,"EMILLIE LAPA - DUBAS (50%)
LUEDJI LUNA - DUBAS (50%)",PERFORMANCE,NÃO,LUEDJI LUNA,DUBAS,50,LUEDJI LUNA,Não,,,,True,artist_alias,CanalInternacional_Dezembro2023
NOV/2023,JORNALISMO,FANTASTICO,,2612,12/11/2023,AMARELO,"BELCHIOR - CORISCO (10%)
DJ DUH - WARNER CHAPPELL (10%)
EMICIDA - WARNER CHAPPELL (40%)
FELIPE VASSAO - WARNER CHAPPELL (40%)",PERFORMANCE,NÃO,DJ DUH,WARNER CHAPPELL,10,EMICIDA,Não,,,,True,artist_alias,CanalInternacional_Dezembro2023
NOV/2023,JORNALISMO,FANTASTICO,,2612,12/11/2023,AMARELO,"BELCHIOR - CORISCO (10%)
DJ DUH - WARNER CHAPPELL (10%)
EMICIDA - WARNER CHAPPELL (40%)
FELIPE VASSAO - WARNER CHAPPELL (40%)",PERFORMANCE,NÃO,FELIPE VASSAO,WARNER CHAPPELL,40,EMICIDA,Não,,,,True,artist_alias,CanalInternacional_Dezembro2023
NOV/2023,JORNALISMO,FANTASTICO,,2612,12/11/2023,AMARELO,"BELCHIOR - CORISCO (10%)
DJ DUH - WARNER CHAPPELL (10%)
EMICIDA - WARNER CHAPPELL (40%)
FELIPE VASSAO - WARNER CHAPPELL (40%)",PERFORMANCE,NÃO,BELCHIOR,CORISCO,10,EMICIDA,Não,,,,True,artist_alias,CanalInternacional_Dezembro2023
NOV/2023,JORNALISMO,FANTASTICO,,2612,12/11/2023,AMARELO,"BELCHIOR - CORISCO (10%)
DJ DUH - WARNER CHAPPELL (10%)
EMICIDA - WARNER CHAPPELL (40%)
FELIPE VASSAO - WARNER CHAPPELL (40%)",PERFORMANCE,NÃO,EMICIDA,WARNER CHAPPELL,40,EMICIDA,Não,,,,True,artist_alias,CanalInternacional_Dezembro2023
