TÍTULO ORIGINAL,TÍTULO LOCAL,DATA EXIBIÇÃO,HORÁRIO DE EXIBIÇÃO,NÚMERO EPISÓDIO/CAPÍTULO,TEMPORADA,TÍTULO ORIGINAL DO EPISÓDIO,TÍTULO LOCAL DO EPISÓDIO,PRODUTOR,ANO DE PRODUÇÃO,DIRETOR,ORDEM EXECUÇÃO,TÍTULO DA OBRA MUSICAL,TIPO DE MÚSICA,AUTOR,INTERPRETE,SEGUNDOS,CLASSIFICAÇÃO,COMPOSITOR(ES) DAS TRILHAS DO PROGRAMA,EDITORA,GRAVADORA,ISRC,SUBMIX / TIPO DE ARRANJO,__title_norm,__author_norm,__is_match,__sheet
DOMINGAO COM HUCK,DOMINGÃO COM HUCK,01/10/2023,18:10:55,108,,,,GLOBO,2021.0,DIREÇÃO ARTÍSTICA DE HÉLIO VARGAS E DIREÇÃO GERAL DE CLARISSA LOPES.,6,PESCADOR,MUSICA COMERCIAL,ARMANDINHO,ARMANDINHO,15,BK,,UNIVERSAL MGB,ATRAÇÃO,,,pescador,armandinho,True,MusicCueSheet_TvAberta_Out23
DOMINGAO COM HUCK,DOMINGÃO COM HUCK,01/10/2023,18:10:55,108,,,,GLOBO,2021.0,DIREÇÃO ARTÍSTICA DE HÉLIO VARGAS E DIREÇÃO GERAL DE CLARISSA LOPES.,98,BEIJINHO NO OMBRO,MUSICA COMERCIAL,"ANDRE VIEIRA,ANDRE VIEIRA,DENNIS DJ,PARDAL,WALLACE VIANA,WALLACE VIANA",VALESCA POPOZUDA,98,BK,,"UNIVERSAL MGB,WARNER CHAPPELL,SONY MUSIC PUBLISHING,ADDAF,UNIVERSAL MGB,WARNER CHAPPELL",BERGER MOBILE,,,beijinho no ombro,valesca popozuda,True,MusicCueSheet_TvAberta_Out23
FANTASTICO,FANTÁSTICO,01/10/2023,20:29:58,2606,,,,GLOBO,2023.0,ALI KAMEL,236,DOMINGO,MUSICA COMERCIAL,"ALEXANDRE PIRES,FERNANDO PIRES,RENATO,VADINHO",SÓ PRA CONTRARIAR,44,PE,,"NOSSA MUSICA,NOSSA MUSICA,UNIVERSAL MGB,UNIVERSAL MGB",,,,domingo,so pra contrariar,True,MusicCueSheet_TvAberta_Out23
PIPOCA DA IVETE 2023,PIPOCA DA IVETE,01/10/2023,14:20:03,3,,,,GLOBO,202.0,DIREÇÃO ARTÍSTICA DE CRESO EDUARDO MACEDO E DIREÇÃO DE GÊNERO DE BONINHO,29,MORENA,MUSICA COMERCIAL,"BRUNO MARTINI,VITOR KLEY","JOAO TERRA,FABINHO K,ALLEX REIS",167,PE,,"UNIVERSAL MGB,UNIVERSAL MGB",,,,morena,"joao terra,fabinho k,allex reis",True,MusicCueSheet_TvAberta_Out23
PIPOCA DA IVETE 2023,PIPOCA DA IVETE,01/10/2023,14:20:03,3,,,,GLOBO,202.0,DIREÇÃO ARTÍSTICA DE CRESO EDUARDO MACEDO E DIREÇÃO DE GÊNERO DE BONINHO,62,ME PERDOA,MUSICA COMERCIAL,"BRUNO GABRIEL,FERRUGEM,THIAGUINHO",ALLEX REIS,100,PE,,"WARNER CHAPPELL,SONY MUSIC PUBLISHING,SONY MUSIC PUBLISHING",,,,me perdoa,allex reis,True,MusicCueSheet_TvAberta_Out23
PIPOCA DA IVETE 2023,PIPOCA DA IVETE,01/10/2023,14:20:03,3,,,,GLOBO,202.0,DIREÇÃO ARTÍSTICA DE CRESO EDUARDO MACEDO E DIREÇÃO DE GÊNERO DE BONINHO,82,FLY AWAY,MUSICA COMERCIAL,LENNY KRAVITZ,YOHAN KISSER,100,PE,,BMG,,,,fly away,yohan kisser,True,MusicCueSheet_TvAberta_Out23
TO INDO,,01/10/2023,06:49:46,01102023,,,,GLOBO,,,19,SAUDADE,MUSICA COMERCIAL,"TIAO CARREIRO,ZE MATAO",ANONIMOS,30,PE,,"LATINO,LATINO",,,,saudade,anonimos,True,MusicCueSheet_TvAberta_Out23
MAIS VOCE,MAIS VOCÊ,03/10/2023,10:37:15,5917,,,,GLOBO,2023.0,VIVI DE MARCO,57,WITH OR WITHOUT YOU,MUSICA COMERCIAL,"ADAM CLAYTON,DAVE EVANS,LARRY MULLEN,PAUL HEWSON",U2,82,BK,,"UNIVERSAL MGB,UNIVERSAL MGB,UNIVERSAL MGB,UNIVERSAL MGB",UNIVERSAL MUSIC,,,with or without you,u2,True,MusicCueSheet_TvAberta_Out23
ENCONTRO,,04/10/2023,09:30:00,2893,,,,GLOBO,,,52,FETICHE,MUSICA COMERCIAL,ACHO ESTOL,MARIANA MAZU.,6,BK,,A DESCOBRIR,,,,fetiche,mariana mazu.,True,MusicCueSheet_TvAberta_Out23
ENCONTRO,,05/10/2023,09:31:07,2894,,,,GLOBO,,,18,RECOMECAR,MUSICA COMERCIAL,"KOBA,PE LANZA,PE LU,THOMAS",RESTART,60,PE,,"MAYNARD SONGS,MAYNARD SONGS,MAYNARD SONGS,MAYNARD SONGS",,,,recomecar,restart,True,MusicCueSheet_TvAberta_Out23
ENCONTRO,,05/10/2023,09:31:07,2894,,,,GLOBO,,,19,RECOMECAR,MUSICA COMERCIAL,"KOBA,PE LANZA,PE LU,THOMAS",RESTART,22,TE,,"MAYNARD SONGS,MAYNARD SONGS,MAYNARD SONGS,MAYNARD SONGS",,,,recomecar,restart,True,MusicCueSheet_TvAberta_Out23
E DE CASA,É DE CASA,07/10/2023,06:49:59,425,,E DE CASA,,GLOBO,2023.0,,113,PRAIA,MUSICA COMERCIAL,"FELIPE ARNA,RENATO CAMPERO,ROBISON JF",MURILO HUFF,62,DM,,"R3 PRODUÇÕES,R3 PRODUÇÕES,R3 PRODUÇÕES",,,,praia,murilo huff,True,MusicCueSheet_TvAberta_Out23
SOM BRASIL,,11/10/2023,23:19:34,11102023,,ALCIONE,,GLOBO,,,14,ALVORADA,MUSICA COMERCIAL,"CARLOS CACHACA,CARTOLA,HERMINIO BELLO DE CARVALHO","IVONE LARA,ALCIONE,HELTON MEDEIROS,CARTOLA",158,DM,,"PEERMUSIC,PEERMUSIC,PEERMUSIC",,,,alvorada,"ivone lara,alcione,helton medeiros,cartola",True,MusicCueSheet_TvAberta_Out23
SOM BRASIL,,11/10/2023,23:19:34,11102023,,ALCIONE,,GLOBO,,,21,PACIENCIA,MUSICA COMERCIAL,EDNA SO,"ALCIONE,FERRUGEM",3,DM,,SONY MUSIC PUBLISHING,,,,paciencia,"alcione,ferrugem",True,MusicCueSheet_TvAberta_Out23
VAI QUE COLA,,13/10/2023,02:28:04,CHA DAS FADAS,,4ª TEMPORADA,,GLOBO,,,29,VINGANCA,MUSICA COMERCIAL,LUPICINIO RODRIGUES,LINDA BATISTA,25,BK,,VITALE,,,,vinganca,linda batista,True,MusicCueSheet_TvAberta_Out23
TOMORROWLAND BRASIL 2023,TOMORROWLAND BRASIL 2023,14/10/2023,00:10:31,14102023,,MELHORES MOMENTOS,,GLOBO,2023.0,,9,AURORA,MUSICA COMERCIAL,"MARTIJN GARRITSEN,MATEUSZ OWSIAK",MARTIN GARRIX,63,PE,,"A DESCOBRIR,A DESCOBRIR",,,,aurora,martin garrix,True,MusicCueSheet_TvAberta_Out23
DOMINGAO COM HUCK,DOMINGÃO COM HUCK,15/10/2023,18:05:53,110,,,,GLOBO,2021.0,DIREÇÃO ARTÍSTICA DE HÉLIO VARGAS E DIREÇÃO GERAL DE CLARISSA LOPES.,5,VAMOS ACORDAR,MUSICA COMERCIAL,JAIR OLIVEIRA,GRANDES PEQUENINOS,16,BK,,A DESCOBRIR,S DE SAMBA EDITORA LTDA,,,vamos acordar,grandes pequeninos,True,MusicCueSheet_TvAberta_Out23
DOMINGAO COM HUCK,DOMINGÃO COM HUCK,15/10/2023,18:05:53,110,,,,GLOBO,2021.0,DIREÇÃO ARTÍSTICA DE HÉLIO VARGAS E DIREÇÃO GERAL DE CLARISSA LOPES.,6,FORA DOS STORIES,MUSICA COMERCIAL,"BRENNO CASAGRANDE,LUCAS MACENNA,SAYMON MARQUES,SHYLTON FERNANDES",MARI FERNANDEZ,15,BK,,"WARNER CHAPPELL,SONY MUSIC PUBLISHING,WARNER CHAPPELL,WARNER CHAPPELL",SONY MUSIC,,,fora dos stories,mari fernandez,True,MusicCueSheet_TvAberta_Out23
DOMINGAO COM HUCK,DOMINGÃO COM HUCK,15/10/2023,18:05:53,110,,,,GLOBO,2021.0,DIREÇÃO ARTÍSTICA DE HÉLIO VARGAS E DIREÇÃO GERAL DE CLARISSA LOPES.,143,DESAFIO,MUSICA COMERCIAL,"DULLER,F ALCANTARA,TONHO,XANDY",HARMONIA,2,BK,,"UNIVERSAL MGB,UNIVERSAL MGB,UNIVERSAL MGB,UNIVERSAL MGB",SONY MUSIC,,,desafio,harmonia,True,MusicCueSheet_TvAberta_Out23
DOMINGAO COM HUCK,DOMINGÃO COM HUCK,15/10/2023,18:05:53,110,,,,GLOBO,2021.0,DIREÇÃO ARTÍSTICA DE HÉLIO VARGAS E DIREÇÃO GERAL DE CLARISSA LOPES.,145,SOCADONA,MUSICA COMERCIAL,"CAROLINA COLÓN JUARBE,CLIFFORD RAY SMITH,HELDER VILAS BOAS,JEFFERSON JUNIOR,JEFFERSON JUNIOR,JUAN JOSÉ BRITO,LUDMILLA,MARIAH ANGELIQUE PEREZ,UMBERTO TAVARES",LUDMILLA,5,BK,,"ROCKING GORILLAS,ROCKING GORILLAS,A DESCOBRIR,BMG,ORB MUSIC,WARNER CHAPPELL,WARNER CHAPPELL,UNIVERSAL MGB,ORB MUSIC",WM BRAZIL,,,socadona,ludmilla,True,MusicCueSheet_TvAberta_Out23
DOMINGAO COM HUCK,DOMINGÃO COM HUCK,15/10/2023,18:05:53,110,,,,GLOBO,2021.0,DIREÇÃO ARTÍSTICA DE HÉLIO VARGAS E DIREÇÃO GERAL DE CLARISSA LOPES.,150,BEIJINHO NO OMBRO,MUSICA COMERCIAL,"ANDRE VIEIRA,ANDRE VIEIRA,DENNIS DJ,PARDAL,WALLACE VIANA,WALLACE VIANA",VALESCA POPOZUDA,1,BK,,"UNIVERSAL MGB,WARNER CHAPPELL,SONY MUSIC PUBLISHING,ADDAF,UNIVERSAL MGB,WARNER CHAPPELL",BERGER MOBILE,,,beijinho no ombro,valesca popozuda,True,MusicCueSheet_TvAberta_Out23
O MELHOR DA RESENHA,,15/10/2023,23:38:31,15102023,,DF,,GLOBO,,,9,LABIRINTO,MUSICA COMERCIAL,MARCO AURELIO,VITOR E CADU,24,PE,,EDITORA PE DE VERSO,,,,labirinto,vitor e cadu,True,MusicCueSheet_TvAberta_Out23
O MELHOR DA RESENHA,,15/10/2023,23:38:31,15102023,,DF,,GLOBO,,,10,LABIRINTO,MUSICA COMERCIAL,MARCO AURELIO,VITOR E CADU,60,PE,,EDITORA PE DE VERSO,,,,labirinto,vitor e cadu,True,MusicCueSheet_TvAberta_Out23
VAI QUE COLA,,16/10/2023,03:28:09,O MEIER CONTRA ATACA,,4ª TEMPORADA,,GLOBO,,,4,CRIMINAL,MUSICA COMERCIAL,"MAX MARTIN,SHELLBACK,TIFFANY AMBER",BRITNEY SPEARS,77,BK,,"ABRAMUS,ABRAMUS,UNIVERSAL MGB",,,,criminal,britney spears,True,MusicCueSheet_TvAberta_Out23
VAI QUE COLA,,17/10/2023,02:43:36,MERCADO PARARELO,,4ª TEMPORADA,,GLOBO,,,2,BAILE DE FAVELA,MUSICA COMERCIAL,MC JOAO,MC JOAO,42,BK,,SONY MUSIC PUBLISHING,,,,baile de favela,mc joao,True,MusicCueSheet_TvAberta_Out23
VAI QUE COLA,,17/10/2023,02:43:36,MERCADO PARARELO,,4ª TEMPORADA,,GLOBO,,,10,MALANDRAMENTE,MUSICA COMERCIAL,MC NANDINHO,ELENCO VAI QUE COLA,10,PE,,SONY MUSIC PUBLISHING,,,,malandramente,elenco vai que cola,True,MusicCueSheet_TvAberta_Out23
CONVERSA COM BIAL,CONVERSA COM BIAL,20/10/2023,01:02:26,1266,,,,GLOBO,2023.0,MONICA ALMEIDA,7,MEU BEM,MUSICA COMERCIAL,"JOHN LENNON,PAUL MCCARTNEY,RONNIE VON",WANDERLEA,3,PE,,"SONY MUSIC PUBLISHING,SONY MUSIC PUBLISHING,SONY MUSIC PUBLISHING",,,,meu bem,wanderlea,True,MusicCueSheet_TvAberta_Out23
VAI QUE COLA,,20/10/2023,02:29:23,QUE PAIS E ESSE,,4ª TEMPORADA,,GLOBO,,,4,CRIMINAL,MUSICA COMERCIAL,"MAX MARTIN,SHELLBACK,TIFFANY AMBER",BRITNEY SPEARS,21,BK,,"ABRAMUS,ABRAMUS,UNIVERSAL MGB",,,,criminal,britney spears,True,MusicCueSheet_TvAberta_Out23
VAI QUE COLA,,20/10/2023,02:29:23,QUE PAIS E ESSE,,4ª TEMPORADA,,GLOBO,,,15,OPINIAO,MUSICA COMERCIAL,ZE KETI,SAMANTHA SCHMUTZ,14,PE,,CORISCO,,,,opiniao,samantha schmutz,True,MusicCueSheet_TvAberta_Out23
PIPOCA DA IVETE 2023,PIPOCA DA IVETE,22/10/2023,14:19:35,6,,,,GLOBO,202.0,DIREÇÃO ARTÍSTICA DE CRESO EDUARDO MACEDO E DIREÇÃO DE GÊNERO DE BONINHO,34,SAMURAI,MUSICA COMERCIAL,DJAVAN,MARCOS OOURUN,115,PE,,LUANDA,,,,samurai,marcos oourun,True,MusicCueSheet_TvAberta_Out23
SANTA MISSA,SANTA MISSA,22/10/2023,05:59:00,22102023,,,,GLOBO,2023.0,ALI KAMEL,11,DESERTO,MUSICA COMERCIAL,ANDERSON FREIRE,PADRE MARCELO ROSSI,159,PE,,A DESCOBRIR,,,,deserto,padre marcelo rossi,True,MusicCueSheet_TvAberta_Out23
VAI QUE COLA,,25/10/2023,03:01:32,VIRGEM DE 40 ANOS,,7ª TEMPORADA,,GLOBO,,,6,FULERAGEM,MUSICA COMERCIAL,"DJ GEGE,MC WM",MC WM,11,BK,,"WARNER CHAPPELL,WARNER CHAPPELL",,,,fuleragem,mc wm,True,MusicCueSheet_TvAberta_Out23
ENCONTRO,,27/10/2023,09:29:40,2910,,,,GLOBO,,,15,TO COM SAUDADE,MUSICA COMERCIAL,"LUIZ CLAUDIO PICOLE,PRATEADO",RODRIGUINHO,66,PE,,"WARNER CHAPPELL,WARNER CHAPPELL",,,,to com saudade,rodriguinho,True,MusicCueSheet_TvAberta_Out23
MAIS VOCE,MAIS VOCÊ,27/10/2023,10:34:40,5935,,,,GLOBO,2023.0,VIVI DE MARCO,3,SAMURAI,MUSICA COMERCIAL,DJAVAN,DJAVAN,12,BK,,LUANDA,,,,samurai,djavan,True,MusicCueSheet_TvAberta_Out23
MAIS VOCE,MAIS VOCÊ,27/10/2023,10:34:40,5935,,,,GLOBO,2023.0,VIVI DE MARCO,6,SE,MUSICA COMERCIAL,DJAVAN,DJAVAN,6,BK,,LUANDA,LUANDA,,,se,djavan,True,MusicCueSheet_TvAberta_Out23
FAVELA SOUNDS,,28/10/2023,14:53:38,28102023,,DF,,GLOBO,,,6,SALVE,MUSICA COMERCIAL,"TASHA,TRACIE",TASHA E TRACIE,44,PE,,"A DESCOBRIR,A DESCOBRIR",,,,salve,tasha e tracie,True,MusicCueSheet_TvAberta_Out23
DOMINGAO COM HUCK,DOMINGÃO COM HUCK,29/10/2023,18:05:50,112,,,,GLOBO,2021.0,DIREÇÃO ARTÍSTICA DE HÉLIO VARGAS E DIREÇÃO GERAL DE CLARISSA LOPES.,126,MAE,MUSICA COMERCIAL,CHICO CHICO,CHICO CHICO,199,BK,,WARNER CHAPPELL,SELIM DE MUSICA,,,mae,chico chico,True,MusicCueSheet_TvAberta_Out23
ESPORTE ESPETACULAR,ESPORTE ESPETACULAR,29/10/2023,10:00:04,29102023,,BLOCO SP,,GLOBO,2023.0,ALI KAMEL,49,MINHA EX,MUSICA COMERCIAL,MC BIN LADEN,MC BIN LADEN,11,DM,,A DESCOBRIR,,,,minha ex,mc bin laden,True,MusicCueSheet_TvAberta_Out23
FANTASTICO,FANTÁSTICO,29/10/2023,20:30:41,2610,,,,GLOBO,2023.0,ALI KAMEL,71,PODEROSA,MUSICA COMERCIAL,NELSON KAE,THIAGUINHO,9,PE,,WARNER CHAPPELL,,,,poderosa,thiaguinho,True,MusicCueSheet_TvAberta_Out23
FANTASTICO,FANTÁSTICO,29/10/2023,20:30:41,2610,,,,GLOBO,2023.0,ALI KAMEL,304,PODEROSA,MUSICA COMERCIAL,NELSON KAE,THIAGUINHO,11,PE,,WARNER CHAPPELL,,,,poderosa,thiaguinho,True,MusicCueSheet_TvAberta_Out23
FANTASTICO,FANTÁSTICO,29/10/2023,20:30:41,2610,,,,GLOBO,2023.0,ALI KAMEL,314,PODEROSA,MUSICA COMERCIAL,NELSON KAE,THIAGUINHO,74,PE,,WARNER CHAPPELL,,,,poderosa,thiaguinho,True,MusicCueSheet_TvAberta_Out23
O MELHOR DA RESENHA,,29/10/2023,23:41:02,29102023,,DF,,GLOBO,,,16,VOCE DE VOLTA,MUSICA COMERCIAL,MARCO AURELIO FERREIRA,"LYANE MELLO,VICTOR GREGORIO E MARCO AURELIO",101,PE,,REDE PURA,,,,voce de volta,"lyane mello,victor gregorio e marco aurelio",True,MusicCueSheet_TvAberta_Out23
SANTA MISSA,SANTA MISSA,29/10/2023,06:16:34,29102023,,,,GLOBO,2023.0,ALI KAMEL,10,DESERTO,MUSICA COMERCIAL,ANDERSON FREIRE,PADRE MARCELO ROSSI,270,PE,,A DESCOBRIR,,,,deserto,padre marcelo rossi,True,MusicCueSheet_TvAberta_Out23
SANTA MISSA,SANTA MISSA,29/10/2023,06:16:34,29102023,,,,GLOBO,2023.0,ALI KAMEL,11,DESERTO,MUSICA COMERCIAL,ANDERSON FREIRE,PADRE MARCELO ROSSI,69,PE,,A DESCOBRIR,,,,deserto,padre marcelo rossi,True,MusicCueSheet_TvAberta_Out23
VAI QUE COLA,,30/10/2023,03:10:41,ESPECULACAO IMOBILIARIA,,4ª TEMPORADA,,GLOBO,,,2,BAILE DE FAVELA,MUSICA COMERCIAL,MC JOAO,MC JOAO,68,BK,,SONY MUSIC PUBLISHING,,,,baile de favela,mc joao,True,MusicCueSheet_TvAberta_Out23
