title_supplier,artist,title_norm,author_norm,title_ref,author,author_norm_supplier,author_norm_ref,provider,file
SAUDADE,,saudade,,SAUDADE,T-306.509.964-7,none,t-306.509.964-7,Aparecida,01-JAN2024-SINCRONIZACAO MUSICAL-TV APARECIDA.xlsx
SAUDADE,,saudade,,SAUDADE,T-039.751.632-3,none,t-039.751.632-3,Aparecida,01-JAN2024-SINCRONIZACAO MUSICAL-TV APARECIDA.xlsx
SAUDADE,,saudade,,SAUDADE,,none,nan,Aparecida,01-JAN2024-SINCRONIZACAO MUSICAL-TV APARECIDA.xlsx
SAUDADE,,saudade,,SAUDADE,T-305.264.938-0,none,t-305.264.938-0,Aparecida,01-JAN2024-SINCRONIZACAO MUSICAL-TV APARECIDA.xlsx
LUA,,lua,,LUA,,none,nan,Aparecida,01-JAN2024-SINCRONIZACAO MUSICAL-TV APARECIDA.xlsx
LUA,,lua,,LUA,,none,nan,Aparecida,01-JAN2024-SINCRONIZACAO MUSICAL-TV APARECIDA.xlsx
PROPOSTA,,proposta,,PROPOSTA,T-313.413.810-2,none,t-313.413.810-2,Aparecida,01-JAN2024-SINCRONIZACAO MUSICAL-TV APARECIDA.xlsx
DESPEDIDA,,despedida,,DESPEDIDA,T-039.497.745-7,none,t-039.497.745-7,Aparecida,01-JAN2024-SINCRONIZACAO MUSICAL-TV APARECIDA.xlsx
UTOPIA,,utopia,,UTOPIA,T-040.522.248-1,none,t-040.522.248-1,Aparecida,01-JAN2024-SINCRONIZACAO MUSICAL-TV APARECIDA.xlsx
UTOPIA,,utopia,,UTOPIA,T-329.283.611-0,none,t-329.283.611-0,Aparecida,01-JAN2024-SINCRONIZACAO MUSICAL-TV APARECIDA.xlsx
NOSSAS DIFERENÇAS,,nossas diferencas,,NOSSAS DIFERENCAS,T-039.544.554-1,none,t-039.544.554-1,Aparecida,01-JAN2024-SINCRONIZACAO MUSICAL-TV APARECIDA.xlsx
SAUDADE,,saudade,,SAUDADE,T-306.509.964-7,none,t-306.509.964-7,Aparecida,03-MAR2024-SINCRONIZACAO MUSICAL-TV APARECIDA.xlsx
SAUDADE,,saudade,,SAUDADE,T-039.751.632-3,none,t-039.751.632-3,Aparecida,03-MAR2024-SINCRONIZACAO MUSICAL-TV APARECIDA.xlsx
SAUDADE,,saudade,,SAUDADE,,none,nan,Aparecida,03-MAR2024-SINCRONIZACAO MUSICAL-TV APARECIDA.xlsx
SAUDADE,,saudade,,SAUDADE,T-305.264.938-0,none,t-305.264.938-0,Aparecida,03-MAR2024-SINCRONIZACAO MUSICAL-TV APARECIDA.xlsx
AVE MARIA ,,ave maria,,AVE MARIA,T-040.076.547-0,none,t-040.076.547-0,Aparecida,03-MAR2024-SINCRONIZACAO MUSICAL-TV APARECIDA.xlsx
PAU MANDADO,,pau mandado,,PAU MANDADO,T-322.010.789-7,none,t-322.010.789-7,Aparecida,03-MAR2024-SINCRONIZACAO MUSICAL-TV APARECIDA.xlsx
AVE MARIA ,,ave maria,,AVE MARIA,T-040.076.547-0,none,t-040.076.547-0,Aparecida,03-MAR2024-SINCRONIZACAO MUSICAL-TV APARECIDA.xlsx
UTOPIA ,,utopia,,UTOPIA,T-040.522.248-1,none,t-040.522.248-1,Aparecida,03-MAR2024-SINCRONIZACAO MUSICAL-TV APARECIDA.xlsx
UTOPIA ,,utopia,,UTOPIA,T-329.283.611-0,none,t-329.283.611-0,Aparecida,03-MAR2024-SINCRONIZACAO MUSICAL-TV APARECIDA.xlsx
AVE MARIA ,,ave maria,,AVE MARIA,T-040.076.547-0,none,t-040.076.547-0,Aparecida,03-MAR2024-SINCRONIZACAO MUSICAL-TV APARECIDA.xlsx
MARIA,,maria,,MARIA,T-307.006.304-2,none,t-307.006.304-2,Aparecida,03-MAR2024-SINCRONIZACAO MUSICAL-TV APARECIDA.xlsx
MARIA,,maria,,MARIA,T-311.953.638-4,none,t-311.953.638-4,Aparecida,03-MAR2024-SINCRONIZACAO MUSICAL-TV APARECIDA.xlsx
CASA DE CABOCLO,,casa de caboclo,,CASA DE CABOCLO,,none,nan,Aparecida,03-MAR2024-SINCRONIZACAO MUSICAL-TV APARECIDA.xlsx
AMANHÃ,,amanha,,AMANHÃ,T-307.004.953-1,none,t-307.004.953-1,Aparecida,03-MAR2024-SINCRONIZACAO MUSICAL-TV APARECIDA.xlsx
GANGORRA,,gangorra,,GANGORRA,T-040.511.906-3,none,t-040.511.906-3,Aparecida,03-MAR2024-SINCRONIZACAO MUSICAL-TV APARECIDA.xlsx
GANGORRA,,gangorra,,GANGORRA,,none,nan,Aparecida,03-MAR2024-SINCRONIZACAO MUSICAL-TV APARECIDA.xlsx
CASA DE CABOCLO,,casa de caboclo,,CASA DE CABOCLO,,none,nan,Aparecida,03-MAR2024-SINCRONIZACAO MUSICAL-TV APARECIDA.xlsx
AMANHÃ,,amanha,,AMANHÃ,T-307.004.953-1,none,t-307.004.953-1,Aparecida,03-MAR2024-SINCRONIZACAO MUSICAL-TV APARECIDA.xlsx
MARIA,,maria,,MARIA,T-307.006.304-2,none,t-307.006.304-2,Aparecida,03-MAR2024-SINCRONIZACAO MUSICAL-TV APARECIDA.xlsx
MARIA,,maria,,MARIA,T-311.953.638-4,none,t-311.953.638-4,Aparecida,03-MAR2024-SINCRONIZACAO MUSICAL-TV APARECIDA.xlsx
MARIA,,maria,,MARIA,T-307.006.304-2,none,t-307.006.304-2,Aparecida,03-MAR2024-SINCRONIZACAO MUSICAL-TV APARECIDA.xlsx
MARIA,,maria,,MARIA,T-311.953.638-4,none,t-311.953.638-4,Aparecida,03-MAR2024-SINCRONIZACAO MUSICAL-TV APARECIDA.xlsx
CHEGA,,chega,,CHÊGA,T-312.562.445-1,none,t-312.562.445-1,Aparecida,03-MAR2024-SINCRONIZACAO MUSICAL-TV APARECIDA.xlsx
PESADELO,,pesadelo,,PESADELO,T-302.808.509-4,none,t-302.808.509-4,Aparecida,03-MAR2024-SINCRONIZACAO MUSICAL-TV APARECIDA.xlsx
SAUDADE,,saudade,,SAUDADE,T-306.509.964-7,none,t-306.509.964-7,Aparecida,03-MAR2024-SINCRONIZACAO MUSICAL-TV APARECIDA.xlsx
SAUDADE,,saudade,,SAUDADE,T-039.751.632-3,none,t-039.751.632-3,Aparecida,03-MAR2024-SINCRONIZACAO MUSICAL-TV APARECIDA.xlsx
SAUDADE,,saudade,,SAUDADE,,none,nan,Aparecida,03-MAR2024-SINCRONIZACAO MUSICAL-TV APARECIDA.xlsx
SAUDADE,,saudade,,SAUDADE,T-305.264.938-0,none,t-305.264.938-0,Aparecida,03-MAR2024-SINCRONIZACAO MUSICAL-TV APARECIDA.xlsx
TUDO PASSA,,tudo passa,,TUDO PASSA,T-040.070.521-6,none,t-040.070.521-6,Aparecida,12-DEZ2023-SINCRONIZACAO MUSICAL-TV APARECIDA.xlsx
PROPOSTA,,proposta,,PROPOSTA,T-313.413.810-2,none,t-313.413.810-2,Aparecida,12-DEZ2023-SINCRONIZACAO MUSICAL-TV APARECIDA.xlsx
FIM DE ANO,,fim de ano,,FIM DE ANO,T-322.186.020-0,none,t-322.186.020-0,Aparecida,12-DEZ2023-SINCRONIZACAO MUSICAL-TV APARECIDA.xlsx
FIM DE ANO,,fim de ano,,FIM DE ANO,T-322.186.020-0,none,t-322.186.020-0,Aparecida,12-DEZ2023-SINCRONIZACAO MUSICAL-TV APARECIDA.xlsx
FELIZ NATAL,,feliz natal,,FELIZ NATAL,,none,nan,Aparecida,12-DEZ2023-SINCRONIZACAO MUSICAL-TV APARECIDA.xlsx
FELIZ NATAL,,feliz natal,,FELIZ NATAL,,none,nan,Aparecida,12-DEZ2023-SINCRONIZACAO MUSICAL-TV APARECIDA.xlsx
FELIZ NATAL,,feliz natal,,FELIZ NATAL,,none,nan,Aparecida,12-DEZ2023-SINCRONIZACAO MUSICAL-TV APARECIDA.xlsx
UTOPIA,,utopia,,UTOPIA,T-040.522.248-1,none,t-040.522.248-1,Aparecida,12-DEZ2023-SINCRONIZACAO MUSICAL-TV APARECIDA.xlsx
UTOPIA,,utopia,,UTOPIA,T-329.283.611-0,none,t-329.283.611-0,Aparecida,12-DEZ2023-SINCRONIZACAO MUSICAL-TV APARECIDA.xlsx
TATUAGEM,,tatuagem,,TATUAGEM,,none,nan,Aparecida,12-DEZ2023-SINCRONIZACAO MUSICAL-TV APARECIDA.xlsx
BALA PERDIDA,,bala perdida,,BALA PERDIDA,T-330.774.826-7,none,t-330.774.826-7,Aparecida,12-DEZ2023-SINCRONIZACAO MUSICAL-TV APARECIDA.xlsx
AMIGO,,amigo,,AMIGO,,none,nan,Aparecida,12-DEZ2023-SINCRONIZACAO MUSICAL-TV APARECIDA.xlsx
AMIGO,,amigo,,AMIGO,,none,nan,Aparecida,12-DEZ2023-SINCRONIZACAO MUSICAL-TV APARECIDA.xlsx
MARIA,,maria,,MARIA,T-307.006.304-2,none,t-307.006.304-2,Aparecida,12-DEZ2023-SINCRONIZACAO MUSICAL-TV APARECIDA.xlsx
MARIA,,maria,,MARIA,T-311.953.638-4,none,t-311.953.638-4,Aparecida,12-DEZ2023-SINCRONIZACAO MUSICAL-TV APARECIDA.xlsx
MARIA,,maria,,MARIA,T-307.006.304-2,none,t-307.006.304-2,Aparecida,12-DEZ2023-SINCRONIZACAO MUSICAL-TV APARECIDA.xlsx
MARIA,,maria,,MARIA,T-311.953.638-4,none,t-311.953.638-4,Aparecida,12-DEZ2023-SINCRONIZACAO MUSICAL-TV APARECIDA.xlsx
FIM DE ANO,,fim de ano,,FIM DE ANO,T-322.186.020-0,none,t-322.186.020-0,Aparecida,12-DEZ2023-SINCRONIZACAO MUSICAL-TV APARECIDA.xlsx
FIM DE ANO,,fim de ano,,FIM DE ANO,T-322.186.020-0,none,t-322.186.020-0,Aparecida,12-DEZ2023-SINCRONIZACAO MUSICAL-TV APARECIDA.xlsx
PROPOSTA,,proposta,,PROPOSTA,T-313.413.810-2,none,t-313.413.810-2,Aparecida,12-DEZ2023-SINCRONIZACAO MUSICAL-TV APARECIDA.xlsx
PAU MANDADO,,pau mandado,,PAU MANDADO,T-322.010.789-7,none,t-322.010.789-7,Aparecida,12-DEZ2023-SINCRONIZACAO MUSICAL-TV APARECIDA.xlsx
FELICIDADE,ELENCO,felicidade,,FELICIDADE,,elenco,nan,Desconhecido,Ubem_MusicCueSheet_OriginaisGloboplay_Janeiro24.xlsx
AMANHA,ELENCO,amanha,,AMANHÃ,T-307.004.953-1,elenco,t-307.004.953-1,Desconhecido,Ubem_MusicCueSheet_OriginaisGloboplay_Janeiro24.xlsx
PRELUDIO,ELENCO,preludio,,PRELÚDIO,,elenco,nan,Desconhecido,Ubem_MusicCueSheet_OriginaisGloboplay_Janeiro24.xlsx
FELICIDADE,ELENCO,felicidade,,FELICIDADE,,elenco,nan,Desconhecido,Ubem_MusicCueSheet_OriginaisGloboplay_Janeiro24.xlsx
ESPELHO,RONALD DJ / MC DAVI,espelho,,ESPELHO,T-931.652.333-8,ronald dj / mc davi,t-931.652.333-8,Band,band UNIFICADO out dez 2023 jan fev 2024.xls
ESPELHO,RONALD DJ / MC DAVI,espelho,,ESPELHO,T-335.571.845-1,ronald dj / mc davi,t-335.571.845-1,Band,band UNIFICADO out dez 2023 jan fev 2024.xls
BIPOLAR,RONALD DJ / MC DAVI,bipolar,,BIPOLAR,T-328.613.240-5,ronald dj / mc davi,t-328.613.240-5,Band,band UNIFICADO out dez 2023 jan fev 2024.xls
VERMELHO ,CALOUROS,vermelho,,VERMELHO,T-313.315.106-7,calouros,t-313.315.106-7,Band,band UNIFICADO out dez 2023 jan fev 2024.xls
LUA CHEIA,WANESSA CAMARGO,lua cheia,,LUA CHEIA,T-316.329.265-3,wanessa camargo,t-316.329.265-3,Band,band UNIFICADO out dez 2023 jan fev 2024.xls
VAMOS FUGIR,THE WAILERS BAND,vamos fugir,,VAMOS FUGIR,T-305.415.581-2,the wailers band,t-305.415.581-2,Band,band UNIFICADO out dez 2023 jan fev 2024.xls
FINAL DE SEMANA,SEU JORGE / PAPATINHO E BLACK ALIEN,final de semana,,FINAL DE SEMANA,T-303.016.328-7,seu jorge / papatinho e black alien,t-303.016.328-7,Band,band UNIFICADO out dez 2023 jan fev 2024.xls
FELICIDADE,SEU JORGE / ALEXANDRE PIRES,felicidade,,FELICIDADE,,seu jorge / alexandre pires,nan,Band,band UNIFICADO out dez 2023 jan fev 2024.xls
COBRA,FAR FROM ALASKA,cobra,,COBRA,,far from alaska,nan,Band,band UNIFICADO out dez 2023 jan fev 2024.xls
FINAL FELIZ,MARCOS FELIPE,final feliz,,FINAL FELIZ,T-315.996.147-0,marcos felipe,t-315.996.147-0,Band,band UNIFICADO out dez 2023 jan fev 2024.xls
FINAL FELIZ,MARCOS FELIPE,final feliz,,FINAL FELIZ,T-315.996.147-0,marcos felipe,t-315.996.147-0,Band,band UNIFICADO out dez 2023 jan fev 2024.xls
MORENA,A MELHOR BANDA DA NOITE,morena,,MORENA,,a melhor banda da noite,nan,Band,band UNIFICADO out dez 2023 jan fev 2024.xls
MORENA,A MELHOR BANDA DA NOITE,morena,,MORENA,T-312.550.698-7,a melhor banda da noite,t-312.550.698-7,Band,band UNIFICADO out dez 2023 jan fev 2024.xls
NOBRE VAGABUNDO,A MELHOR BANDA DA NOITE,nobre vagabundo,,NOBRE VAGABUNDO,T-300.975.560-2,a melhor banda da noite,t-300.975.560-2,Band,band UNIFICADO out dez 2023 jan fev 2024.xls
GAME OVER,TEE LOPES,game over,,GAME OVER,,tee lopes,nan,Band,band UNIFICADO out dez 2023 jan fev 2024.xls
CALMA RESPIRA,FABIANA GODOY,calma respira,,CALMA RESPIRA,T-317.934.284-4,fabiana godoy,t-317.934.284-4,Band,band UNIFICADO out dez 2023 jan fev 2024.xls
BRASILEIRO,CHICO SALLES,brasileiro,,BRASILEIRO,T-313.795.711-6,chico salles,t-313.795.711-6,Band,band UNIFICADO out dez 2023 jan fev 2024.xls
SINAIS,LUAN SANTANA,sinais,,SINAIS,T-039.662.232-4,luan santana,t-039.662.232-4,Band,band UNIFICADO out dez 2023 jan fev 2024.xls
SAMPA,FERNANDA PORTO                     ,sampa,,SAMPA,,fernanda porto,nan,Band,band UNIFICADO out dez 2023 jan fev 2024.xls
SAMPA,CAETANO VELOSO,sampa,,SAMPA,,caetano veloso,nan,Band,band UNIFICADO out dez 2023 jan fev 2024.xls
SAMPA,CAETANO VELOSO,sampa,,SAMPA,,caetano veloso,nan,Band,band UNIFICADO out dez 2023 jan fev 2024.xls
SAO PAULO,FERNANDA ABREU,sao paulo,,SÃO PAULO,,fernanda abreu,nan,Band,band UNIFICADO out dez 2023 jan fev 2024.xls
NOCAUTE,JORGE E MATEUS,nocaute,,NOCAUTE,T-317.794.059-5,jorge e mateus,t-317.794.059-5,Band,band UNIFICADO out dez 2023 jan fev 2024.xls
MONALISA,NAT KING COLE,monalisa,,MONALISA,,nat king cole,nan,Band,band UNIFICADO out dez 2023 jan fev 2024.xls
ACABOU,RICARDO CHAVES,acabou,,ACABOU,T-039.497.780-0,ricardo chaves,t-039.497.780-0,Band,band UNIFICADO out dez 2023 jan fev 2024.xls
ESPELHO,MC HARIEL / DJ RONALD,espelho,,ESPELHO,T-931.652.333-8,mc hariel / dj ronald,t-931.652.333-8,Band,band UNIFICADO out dez 2023 jan fev 2024.xls
ESPELHO,MC HARIEL / DJ RONALD,espelho,,ESPELHO,T-335.571.845-1,mc hariel / dj ronald,t-335.571.845-1,Band,band UNIFICADO out dez 2023 jan fev 2024.xls
MAGICA,HUGO E GUILHERME,magica,,MÁGICA,T-307.416.503-6,hugo e guilherme,t-307.416.503-6,Band,band UNIFICADO out dez 2023 jan fev 2024.xls
MORENA,LUAN SANTANA,morena,,MORENA,,luan santana,nan,Band,band UNIFICADO out dez 2023 jan fev 2024.xls
MORENA,LUAN SANTANA,morena,,MORENA,T-312.550.698-7,luan santana,t-312.550.698-7,Band,band UNIFICADO out dez 2023 jan fev 2024.xls
VINGANCA,LUAN SANTANA,vinganca,,VINGANÇA,T-040.226.902-6,luan santana,t-040.226.902-6,Band,band UNIFICADO out dez 2023 jan fev 2024.xls
SINAIS,LUAN SANTANA,sinais,,SINAIS,T-039.662.232-4,luan santana,t-039.662.232-4,Band,band UNIFICADO out dez 2023 jan fev 2024.xls
DEJA VU,LUAN SANTANA,deja vu,,DÉJÀ VU,T-308.187.765-4,luan santana,t-308.187.765-4,Band,band UNIFICADO out dez 2023 jan fev 2024.xls
FOGUEIRA,JORGE E MATEUS,fogueira,,FOGUEIRA,,jorge e mateus,nan,Band,band UNIFICADO out dez 2023 jan fev 2024.xls
LOGO EU,REYNAN E RAYSSA,logo eu,,LOGO EU,,reynan e rayssa,nan,Band,band UNIFICADO out dez 2023 jan fev 2024.xls
MISTERIO,JORGE E MATEUS,misterio,,MISTERIO,T-040.150.639-5,jorge e mateus,t-040.150.639-5,Band,band UNIFICADO out dez 2023 jan fev 2024.xls
NOCAUTE,JORGE E MATEUS,nocaute,,NOCAUTE,T-317.794.059-5,jorge e mateus,t-317.794.059-5,Band,band UNIFICADO out dez 2023 jan fev 2024.xls
AURORA BOREAL,RAEL,aurora boreal,,AURORA BOREAL,T-931.652.334-9,rael,t-931.652.334-9,Band,band UNIFICADO out dez 2023 jan fev 2024.xls
ELEANOR RIGBY,A MELHOR BANDA DA NOITE,eleanor rigby,,ELEANOR RIGBY,T-316.183.091-3,a melhor banda da noite,t-316.183.091-3,Band,band UNIFICADO out dez 2023 jan fev 2024.xls
CHOCOLATE,TIM MAIA,chocolate,,CHOCOLATE,T-322.528.891-1,tim maia,t-322.528.891-1,Band,band UNIFICADO out dez 2023 jan fev 2024.xls
PROPOSTA,ANDREA LAIS / FELIPE BARROS / MESASONORA / NIVEA ARAUJO / PEDRO FONSECA,proposta,,PROPOSTA,T-313.413.810-2,andrea lais / felipe barros / mesasonora / nivea araujo / pedro fonseca,t-313.413.810-2,Band,band UNIFICADO out dez 2023 jan fev 2024.xls
CHOCOLATE,TIM MAIA,chocolate,,CHOCOLATE,T-322.528.891-1,tim maia,t-322.528.891-1,Band,band UNIFICADO out dez 2023 jan fev 2024.xls
TEU SEGREDO,JEITO MOLEQUE                      ,teu segredo,,TEU SEGREDO,T-303.014.148-7,jeito moleque,t-303.014.148-7,Band,band UNIFICADO out dez 2023 jan fev 2024.xls
REVOADA,TUKUM,revoada,,REVOADA,T-306.358.236-1,tukum,t-306.358.236-1,Band,band UNIFICADO out dez 2023 jan fev 2024.xls
PESCADOR,MESTRE AMBROSIO,pescador,,PESCADOR,T-040.147.696-7,mestre ambrosio,t-040.147.696-7,Band,band UNIFICADO out dez 2023 jan fev 2024.xls
FASHION,LADY GAGA,fashion,,FASHION,T-305.215.259-3,lady gaga,t-305.215.259-3,Band,band UNIFICADO out dez 2023 jan fev 2024.xls
ESPELHO,RONALD DJ / MC DAVI,espelho,,ESPELHO,T-931.652.333-8,ronald dj / mc davi,t-931.652.333-8,Band,band UNIFICADO out dez 2023 jan fev 2024.xls
ESPELHO,RONALD DJ / MC DAVI,espelho,,ESPELHO,T-335.571.845-1,ronald dj / mc davi,t-335.571.845-1,Band,band UNIFICADO out dez 2023 jan fev 2024.xls
BIPOLAR,RONALD DJ / MC DAVI,bipolar,,BIPOLAR,T-328.613.240-5,ronald dj / mc davi,t-328.613.240-5,Band,band UNIFICADO out dez 2023 jan fev 2024.xls
VERMELHO ,CALOUROS,vermelho,,VERMELHO,T-313.315.106-7,calouros,t-313.315.106-7,Band,band UNIFICADO out dez 2023 jan fev 2024.xls
LUA CHEIA,WANESSA CAMARGO,lua cheia,,LUA CHEIA,T-316.329.265-3,wanessa camargo,t-316.329.265-3,Band,band UNIFICADO out dez 2023 jan fev 2024.xls
AMANHECER,SAM ALVES,amanhecer,,AMANHECER,T-040.285.612-5,sam alves,t-040.285.612-5,Band,band UNIFICADO out dez 2023 jan fev 2024.xls
MACETANDO,IVETE SANGALO / LUDMILLA,macetando,,MACETANDO,T-318.000.000-0,ivete sangalo / ludmilla,t-318.000.000-0,Band,band UNIFICADO out dez 2023 jan fev 2024.xls
MACETANDO,IVETE SANGALO / LUDMILLA,macetando,,MACETANDO,T-318.000.000-0,ivete sangalo / ludmilla,t-318.000.000-0,Band,band UNIFICADO out dez 2023 jan fev 2024.xls
MACETANDO,IVETE SANGALO / LUDMILLA,macetando,,MACETANDO,T-318.000.000-0,ivete sangalo / ludmilla,t-318.000.000-0,Band,band UNIFICADO out dez 2023 jan fev 2024.xls
FLASHBACK,LEO SANTANA / MARVVILA,flashback,,FLASHBACK,T-318.297.793-7,leo santana / marvvila,t-318.297.793-7,Band,band UNIFICADO out dez 2023 jan fev 2024.xls
ROSA,OLODUM / PERICLES,rosa,,ROSA,T-039.167.643-9,olodum / pericles,t-039.167.643-9,Band,band UNIFICADO out dez 2023 jan fev 2024.xls
VIVRE LA VIE,KELLY JOYCE,vivre la vie,,VIVRE LA VIE,,kelly joyce,nan,Band,band UNIFICADO out dez 2023 jan fev 2024.xls
MACETANDO,IVETE SANGALO / LUDMILLA,macetando,,MACETANDO,T-318.000.000-0,ivete sangalo / ludmilla,t-318.000.000-0,Band,band UNIFICADO out dez 2023 jan fev 2024.xls
VAI NO CHAO,LEO SANTANA,vai no chao,,VAI NO CHÃO,T-040.453.902-1,leo santana,t-040.453.902-1,Band,band UNIFICADO out dez 2023 jan fev 2024.xls
VAI NO CHAO,LEO SANTANA,vai no chao,,VAI NO CHÃO,T-303.762.939-9,leo santana,t-303.762.939-9,Band,band UNIFICADO out dez 2023 jan fev 2024.xls
VAI NO CHAO,LEO SANTANA,vai no chao,,VAI NO CHÃO,,leo santana,nan,Band,band UNIFICADO out dez 2023 jan fev 2024.xls
MACETANDO,IVETE SANGALO,macetando,,MACETANDO,T-318.000.000-0,ivete sangalo,t-318.000.000-0,Band,band UNIFICADO out dez 2023 jan fev 2024.xls
ANJOS,MARCELO FALCAO,anjos,,ANJOS,T-307.003.484-9,marcelo falcao,t-307.003.484-9,Band,band UNIFICADO out dez 2023 jan fev 2024.xls
MACETANDO,LEO SANTANA,macetando,,MACETANDO,T-318.000.000-0,leo santana,t-318.000.000-0,Band,band UNIFICADO out dez 2023 jan fev 2024.xls
AI AI AI,VANESSA DA MATA,ai ai ai,,AI AI AI,T-305.267.265-4,vanessa da mata,t-305.267.265-4,Band,band UNIFICADO out dez 2023 jan fev 2024.xls
MACETANDO,IVETE SANGALO,macetando,,MACETANDO,T-318.000.000-0,ivete sangalo,t-318.000.000-0,Band,band UNIFICADO out dez 2023 jan fev 2024.xls
MACETANDO,IVETE SANGALO / GILMELANDIA,macetando,,MACETANDO,T-318.000.000-0,ivete sangalo / gilmelandia,t-318.000.000-0,Band,band UNIFICADO out dez 2023 jan fev 2024.xls
PODEROSA,THIAGUINHO,poderosa,,PODEROSA,T-304.309.033-7,thiaguinho,t-304.309.033-7,Band,band UNIFICADO out dez 2023 jan fev 2024.xls
MACETANDO,XANDDY HARMONIA,macetando,,MACETANDO,T-318.000.000-0,xanddy harmonia,t-318.000.000-0,Band,band UNIFICADO out dez 2023 jan fev 2024.xls
ZIRIGUIDUM,FILHOS DE JORGE,ziriguidum,,ZIRIGUIDUM,T-039.612.760-8,filhos de jorge,t-039.612.760-8,Band,band UNIFICADO out dez 2023 jan fev 2024.xls
MACETANDO,IVETE SANGALO,macetando,,MACETANDO,T-318.000.000-0,ivete sangalo,t-318.000.000-0,Band,band UNIFICADO out dez 2023 jan fev 2024.xls
MASCARA,PITTY,mascara,,MÁSCARA,,pitty,nan,Band,band UNIFICADO out dez 2023 jan fev 2024.xls
MACETANDO,IVETE SANGALO,macetando,,MACETANDO,T-318.000.000-0,ivete sangalo,t-318.000.000-0,Band,band UNIFICADO out dez 2023 jan fev 2024.xls
MARACATU                                          ,ALCEU VALENÇA,maracatu,,MARACATU,,alceu valenca,nan,Band,band UNIFICADO out dez 2023 jan fev 2024.xls
HEY,IVETE SANGALO,hey,,HEY,T-305.219.212-4,ivete sangalo,t-305.219.212-4,Band,band UNIFICADO out dez 2023 jan fev 2024.xls
PACIENCIA,LENINE,paciencia,,PACIENCIA,T-039.497.721-9,lenine,t-039.497.721-9,Band,band UNIFICADO out dez 2023 jan fev 2024.xls
PACIENCIA,LENINE,paciencia,,PACIÊNCIA,T-040.522.253-8,lenine,t-040.522.253-8,Band,band UNIFICADO out dez 2023 jan fev 2024.xls
FAVELA,LEO SANTANA,favela,,FAVELA,,leo santana,nan,Band,band UNIFICADO out dez 2023 jan fev 2024.xls
MACETANDO,IVETE SANGALO / LUDMILLA,macetando,,MACETANDO,T-318.000.000-0,ivete sangalo / ludmilla,t-318.000.000-0,Band,band UNIFICADO out dez 2023 jan fev 2024.xls
MACETANDO,IVETE SANGALO / LUDMILLA,macetando,,MACETANDO,T-318.000.000-0,ivete sangalo / ludmilla,t-318.000.000-0,Band,band UNIFICADO out dez 2023 jan fev 2024.xls
MACETANDO,IVETE SANGALO / LUDMILLA,macetando,,MACETANDO,T-318.000.000-0,ivete sangalo / ludmilla,t-318.000.000-0,Band,band UNIFICADO out dez 2023 jan fev 2024.xls
MACETANDO,IVETE SANGALO / LUDMILLA,macetando,,MACETANDO,T-318.000.000-0,ivete sangalo / ludmilla,t-318.000.000-0,Band,band UNIFICADO out dez 2023 jan fev 2024.xls
MACETANDO,IVETE SANGALO / LUDMILLA,macetando,,MACETANDO,T-318.000.000-0,ivete sangalo / ludmilla,t-318.000.000-0,Band,band UNIFICADO out dez 2023 jan fev 2024.xls
POC POC,PEDRO SAMPAIO,poc poc,,POC POC,,pedro sampaio,nan,Band,band UNIFICADO out dez 2023 jan fev 2024.xls
MACETANDO,IVETE SANGALO / LUDMILLA,macetando,,MACETANDO,T-318.000.000-0,ivete sangalo / ludmilla,t-318.000.000-0,Band,band UNIFICADO out dez 2023 jan fev 2024.xls
MACETANDO,IVETE SANGALO / LUDMILLA,macetando,,MACETANDO,T-318.000.000-0,ivete sangalo / ludmilla,t-318.000.000-0,Band,band UNIFICADO out dez 2023 jan fev 2024.xls
MACETANDO,IVETE SANGALO / LUDMILLA,macetando,,MACETANDO,T-318.000.000-0,ivete sangalo / ludmilla,t-318.000.000-0,Band,band UNIFICADO out dez 2023 jan fev 2024.xls
MACETANDO,IVETE SANGALO / LUDMILLA,macetando,,MACETANDO,T-318.000.000-0,ivete sangalo / ludmilla,t-318.000.000-0,Band,band UNIFICADO out dez 2023 jan fev 2024.xls
MACETANDO,IVETE SANGALO / LUDMILLA,macetando,,MACETANDO,T-318.000.000-0,ivete sangalo / ludmilla,t-318.000.000-0,Band,band UNIFICADO out dez 2023 jan fev 2024.xls
MACETANDO,IVETE SANGALO / LUDMILLA,macetando,,MACETANDO,T-318.000.000-0,ivete sangalo / ludmilla,t-318.000.000-0,Band,band UNIFICADO out dez 2023 jan fev 2024.xls
MACETANDO,IVETE SANGALO / LUDMILLA,macetando,,MACETANDO,T-318.000.000-0,ivete sangalo / ludmilla,t-318.000.000-0,Band,band UNIFICADO out dez 2023 jan fev 2024.xls
MACETANDO,IVETE SANGALO / LUDMILLA,macetando,,MACETANDO,T-318.000.000-0,ivete sangalo / ludmilla,t-318.000.000-0,Band,band UNIFICADO out dez 2023 jan fev 2024.xls
CAMINHOS DO MAR,GAL COSTA,caminhos do mar,,CAMINHOS DO MAR,T-039.094.761-1,gal costa,t-039.094.761-1,Band,band UNIFICADO out dez 2023 jan fev 2024.xls
MORENA,DUDU NOBRE,morena,,MORENA,,dudu nobre,nan,Band,band UNIFICADO out dez 2023 jan fev 2024.xls
MORENA,DUDU NOBRE,morena,,MORENA,T-312.550.698-7,dudu nobre,t-312.550.698-7,Band,band UNIFICADO out dez 2023 jan fev 2024.xls
MACETANDO,IVETE SANGALO / LUDMILLA,macetando,,MACETANDO,T-318.000.000-0,ivete sangalo / ludmilla,t-318.000.000-0,Band,band UNIFICADO out dez 2023 jan fev 2024.xls
MACETANDO,IVETE SANGALO / LUDMILLA,macetando,,MACETANDO,T-318.000.000-0,ivete sangalo / ludmilla,t-318.000.000-0,Band,band UNIFICADO out dez 2023 jan fev 2024.xls
ESSA E PRA VOCE,CLARICE FALCAO,essa e pra voce,,ESSA É PRA VOCE,T-040.048.737-7,clarice falcao,t-040.048.737-7,Band,band UNIFICADO out dez 2023 jan fev 2024.xls
TEMPORAL,SAMBA 90 GRAUS,temporal,,TEMPORAL,T-307.003.180-6,samba 90 graus,t-307.003.180-6,Band,band UNIFICADO out dez 2023 jan fev 2024.xls
ORACAO ,A MELHOR BANDA DA CIDADE,oracao,,ORACAO,T-040.521.423-4,a melhor banda da cidade,t-040.521.423-4,Band,band UNIFICADO out dez 2023 jan fev 2024.xls
FORTALEZA,CIDADAO INSTIGADO,fortaleza,,FORTALEZA,T-040.219.082-2,cidadao instigado,t-040.219.082-2,Band,band UNIFICADO out dez 2023 jan fev 2024.xls
NHEENGATU,KURUP,nheengatu,,NHEENGATU,,kurup,nan,Band,band UNIFICADO out dez 2023 jan fev 2024.xls
UVA NIAGARA,ANELIS ASSUMPCAO / LARISSA LUZ,uva niagara,,UVA NIAGARA,T-318.619.486-1,anelis assumpcao / larissa luz,t-318.619.486-1,Band,band UNIFICADO out dez 2023 jan fev 2024.xls
MORENA,CLAYTON E ROMARIO,morena,,MORENA,,clayton e romario,nan,Band,band UNIFICADO out dez 2023 jan fev 2024.xls
MORENA,CLAYTON E ROMARIO,morena,,MORENA,T-312.550.698-7,clayton e romario,t-312.550.698-7,Band,band UNIFICADO out dez 2023 jan fev 2024.xls
MACETANDO,IVETE SANGALO / LUDMILLA,macetando,,MACETANDO,T-318.000.000-0,ivete sangalo / ludmilla,t-318.000.000-0,Band,band UNIFICADO out dez 2023 jan fev 2024.xls
MORENA,LUAN SANTANA,morena,,MORENA,,luan santana,nan,Band,band UNIFICADO out dez 2023 jan fev 2024.xls
MORENA,LUAN SANTANA,morena,,MORENA,T-312.550.698-7,luan santana,t-312.550.698-7,Band,band UNIFICADO out dez 2023 jan fev 2024.xls
DEJA VU,ANA CASTELA / LUAN SANTANA,deja vu,,DÉJÀ VU,T-308.187.765-4,ana castela / luan santana,t-308.187.765-4,Band,band UNIFICADO out dez 2023 jan fev 2024.xls
NOCAUTE,JORGE E MATEUS,nocaute,,NOCAUTE,T-317.794.059-5,jorge e mateus,t-317.794.059-5,Band,band UNIFICADO out dez 2023 jan fev 2024.xls
LOGO EU,JORGE E MATHEUS,logo eu,,LOGO EU,,jorge e matheus,nan,Band,band UNIFICADO out dez 2023 jan fev 2024.xls
MÁGICA,HUGO E GUILHERME,magica,,MÁGICA,T-307.416.503-6,hugo e guilherme,t-307.416.503-6,Band,band UNIFICADO out dez 2023 jan fev 2024.xls
MACETANDO,IVETE SANGALO E LUDMILLA,macetando,,MACETANDO,T-318.000.000-0,ivete sangalo e ludmilla,t-318.000.000-0,Band,band UNIFICADO out dez 2023 jan fev 2024.xls
VERMELHO,VANESSA DA MATA,vermelho,,VERMELHO,T-313.315.106-7,vanessa da mata,t-313.315.106-7,Band,band UNIFICADO out dez 2023 jan fev 2024.xls
MACETANDO,MARCIO VICTOR,macetando,,MACETANDO,T-318.000.000-0,marcio victor,t-318.000.000-0,Band,band UNIFICADO out dez 2023 jan fev 2024.xls
MACETANDO,MARCIO VICTOR,macetando,,MACETANDO,T-318.000.000-0,marcio victor,t-318.000.000-0,Band,band UNIFICADO out dez 2023 jan fev 2024.xls
SAMURAI                                           ,DJAVAN,samurai,,SAMURAI,T-300.960.761-4,djavan,t-300.960.761-4,Band,band UNIFICADO out dez 2023 jan fev 2024.xls
MACETANDO,IVETE SANGALO,macetando,,MACETANDO,T-318.000.000-0,ivete sangalo,t-318.000.000-0,Band,band UNIFICADO out dez 2023 jan fev 2024.xls
DESAFIO,DUDU NOBRE / EDILSON CAPETINHA,desafio,,DESAFIO,T-040.453.293-9,dudu nobre / edilson capetinha,t-040.453.293-9,Band,band UNIFICADO out dez 2023 jan fev 2024.xls
DESAFIO,DUDU NOBRE / EDILSON CAPETINHA,desafio,,DESAFIO,T-312.554.786-2,dudu nobre / edilson capetinha,t-312.554.786-2,Band,band UNIFICADO out dez 2023 jan fev 2024.xls
VERDADE                                           ,DUDU NOBRE / EDILSON CAPETINHA,verdade,,VERDADE,T-302.003.913-4,dudu nobre / edilson capetinha,t-302.003.913-4,Band,band UNIFICADO out dez 2023 jan fev 2024.xls
MORENA,DUDU NOBRE,morena,,MORENA,,dudu nobre,nan,Band,band UNIFICADO out dez 2023 jan fev 2024.xls
MORENA,DUDU NOBRE,morena,,MORENA,T-312.550.698-7,dudu nobre,t-312.550.698-7,Band,band UNIFICADO out dez 2023 jan fev 2024.xls
SE JOGA,NALDO BENNY,se joga,,SE JOGA,T-931.480.187-1,naldo benny,t-931.480.187-1,Band,band UNIFICADO out dez 2023 jan fev 2024.xls
BANDIDA,CLEO PIRES,bandida,,BANDIDA,,cleo pires,nan,Band,band UNIFICADO out dez 2023 jan fev 2024.xls
BANDIDA,CLEO PIRES,bandida,,BANDIDA,T-313.263.400-1,cleo pires,t-313.263.400-1,Band,band UNIFICADO out dez 2023 jan fev 2024.xls
Mídia,,midia,,MIDIA,MIDIA HITS LTDA,none,midia hits ltda,Canal Brasil,Ubem_CanalBrasil_Março24 (1).xlsx
Mídia,,midia,,MIDIA,MIDIA HITS LTDA,none,midia hits ltda,Canal Brasil,Relatorio_CanalBrasil_Jan24.xlsx
Mídia,,midia,,MIDIA,MIDIA HITS LTDA,none,midia hits ltda,Canal Brasil,Ubem_CanalBrasil_Fev24 (1).xlsx
PESCADOR,ARMANDINHO,pescador,,PESCADOR,T-040.147.696-7,armandinho,t-040.147.696-7,Globo,MusicCueSheet_TvAberta_Outubro2023.xlsx
BEIJINHO NO OMBRO,VALESCA POPOZUDA,beijinho no ombro,,BEIJINHO NO OMBRO,T-311.569.064-3,valesca popozuda,t-311.569.064-3,Globo,MusicCueSheet_TvAberta_Outubro2023.xlsx
DOMINGO,SÓ PRA CONTRARIAR,domingo,,DOMINGO,T-307.003.485-0,so pra contrariar,t-307.003.485-0,Globo,MusicCueSheet_TvAberta_Outubro2023.xlsx
DOMINGO,SÓ PRA CONTRARIAR,domingo,,DOMINGO,T-301.991.455-3,so pra contrariar,t-301.991.455-3,Globo,MusicCueSheet_TvAberta_Outubro2023.xlsx
MORENA,"JOAO TERRA,FABINHO K,ALLEX REIS",morena,,MORENA,,"joao terra,fabinho k,allex reis",nan,Globo,MusicCueSheet_TvAberta_Outubro2023.xlsx
MORENA,"JOAO TERRA,FABINHO K,ALLEX REIS",morena,,MORENA,T-312.550.698-7,"joao terra,fabinho k,allex reis",t-312.550.698-7,Globo,MusicCueSheet_TvAberta_Outubro2023.xlsx
ME PERDOA,ALLEX REIS,me perdoa,,ME PERDOA,,allex reis,nan,Globo,MusicCueSheet_TvAberta_Outubro2023.xlsx
FLY AWAY,YOHAN KISSER,fly away,,FLY AWAY,T-040.081.805-4,yohan kisser,t-040.081.805-4,Globo,MusicCueSheet_TvAberta_Outubro2023.xlsx
FLY AWAY,YOHAN KISSER,fly away,,FLY AWAY,T-312.560.962-9,yohan kisser,t-312.560.962-9,Globo,MusicCueSheet_TvAberta_Outubro2023.xlsx
SAUDADE,ANONIMOS,saudade,,SAUDADE,T-306.509.964-7,anonimos,t-306.509.964-7,Globo,MusicCueSheet_TvAberta_Outubro2023.xlsx
SAUDADE,ANONIMOS,saudade,,SAUDADE,T-039.751.632-3,anonimos,t-039.751.632-3,Globo,MusicCueSheet_TvAberta_Outubro2023.xlsx
SAUDADE,ANONIMOS,saudade,,SAUDADE,,anonimos,nan,Globo,MusicCueSheet_TvAberta_Outubro2023.xlsx
SAUDADE,ANONIMOS,saudade,,SAUDADE,T-305.264.938-0,anonimos,t-305.264.938-0,Globo,MusicCueSheet_TvAberta_Outubro2023.xlsx
WITH OR WITHOUT YOU,U2,with or without you,,WITH OR WITHOUT YOU,T-320.126.166-3,u2,t-320.126.166-3,Globo,MusicCueSheet_TvAberta_Outubro2023.xlsx
FETICHE,MARIANA MAZU.,fetiche,,FETICHE,T-316.009.896-0,mariana mazu.,t-316.009.896-0,Globo,MusicCueSheet_TvAberta_Outubro2023.xlsx
RECOMECAR,RESTART,recomecar,,RECOMECAR,T-039.311.437-8,restart,t-039.311.437-8,Globo,MusicCueSheet_TvAberta_Outubro2023.xlsx
RECOMECAR,RESTART,recomecar,,RECOMEÇAR,T-308.840.890-2,restart,t-308.840.890-2,Globo,MusicCueSheet_TvAberta_Outubro2023.xlsx
RECOMECAR,RESTART,recomecar,,RECOMEÇAR,T-316.010.042-1,restart,t-316.010.042-1,Globo,MusicCueSheet_TvAberta_Outubro2023.xlsx
RECOMECAR,RESTART,recomecar,,RECOMEÇAR,,restart,nan,Globo,MusicCueSheet_TvAberta_Outubro2023.xlsx
RECOMECAR,RESTART,recomecar,,RECOMECAR,T-039.311.437-8,restart,t-039.311.437-8,Globo,MusicCueSheet_TvAberta_Outubro2023.xlsx
RECOMECAR,RESTART,recomecar,,RECOMEÇAR,T-308.840.890-2,restart,t-308.840.890-2,Globo,MusicCueSheet_TvAberta_Outubro2023.xlsx
RECOMECAR,RESTART,recomecar,,RECOMEÇAR,T-316.010.042-1,restart,t-316.010.042-1,Globo,MusicCueSheet_TvAberta_Outubro2023.xlsx
RECOMECAR,RESTART,recomecar,,RECOMEÇAR,,restart,nan,Globo,MusicCueSheet_TvAberta_Outubro2023.xlsx
PRAIA,MURILO HUFF,praia,,PRAIA,,murilo huff,nan,Globo,MusicCueSheet_TvAberta_Outubro2023.xlsx
ALVORADA,"IVONE LARA,ALCIONE,HELTON MEDEIROS,CARTOLA",alvorada,,ALVORADA,T-040.011.846-8,"ivone lara,alcione,helton medeiros,cartola",t-040.011.846-8,Globo,MusicCueSheet_TvAberta_Outubro2023.xlsx
ALVORADA,"IVONE LARA,ALCIONE,HELTON MEDEIROS,CARTOLA",alvorada,,ALVORADA,,"ivone lara,alcione,helton medeiros,cartola",nan,Globo,MusicCueSheet_TvAberta_Outubro2023.xlsx
PACIENCIA,"ALCIONE,FERRUGEM",paciencia,,PACIENCIA,T-039.497.721-9,"alcione,ferrugem",t-039.497.721-9,Globo,MusicCueSheet_TvAberta_Outubro2023.xlsx
PACIENCIA,"ALCIONE,FERRUGEM",paciencia,,PACIÊNCIA,T-040.522.253-8,"alcione,ferrugem",t-040.522.253-8,Globo,MusicCueSheet_TvAberta_Outubro2023.xlsx
VINGANCA,LINDA BATISTA,vinganca,,VINGANÇA,T-040.226.902-6,linda batista,t-040.226.902-6,Globo,MusicCueSheet_TvAberta_Outubro2023.xlsx
AURORA,MARTIN GARRIX,aurora,,AURORA,,martin garrix,nan,Globo,MusicCueSheet_TvAberta_Outubro2023.xlsx
VAMOS ACORDAR,GRANDES PEQUENINOS,vamos acordar,,VAMOS ACORDAR,T-040.011.845-7,grandes pequeninos,t-040.011.845-7,Globo,MusicCueSheet_TvAberta_Outubro2023.xlsx
FORA DOS STORIES,MARI FERNANDEZ,fora dos stories,,FORA DOS STORIES,T-335.482.972-0,mari fernandez,t-335.482.972-0,Globo,MusicCueSheet_TvAberta_Outubro2023.xlsx
DESAFIO,HARMONIA,desafio,,DESAFIO,T-040.453.293-9,harmonia,t-040.453.293-9,Globo,MusicCueSheet_TvAberta_Outubro2023.xlsx
DESAFIO,HARMONIA,desafio,,DESAFIO,T-312.554.786-2,harmonia,t-312.554.786-2,Globo,MusicCueSheet_TvAberta_Outubro2023.xlsx
SOCADONA,LUDMILLA,socadona,,SOCADONA,T-305.217.548-7,ludmilla,t-305.217.548-7,Globo,MusicCueSheet_TvAberta_Outubro2023.xlsx
SOCADONA,LUDMILLA,socadona,,SOCADONA,,ludmilla,nan,Globo,MusicCueSheet_TvAberta_Outubro2023.xlsx
BEIJINHO NO OMBRO,VALESCA POPOZUDA,beijinho no ombro,,BEIJINHO NO OMBRO,T-311.569.064-3,valesca popozuda,t-311.569.064-3,Globo,MusicCueSheet_TvAberta_Outubro2023.xlsx
LABIRINTO,VITOR E CADU,labirinto,,LABIRINTO,T-040.511.907-4,vitor e cadu,t-040.511.907-4,Globo,MusicCueSheet_TvAberta_Outubro2023.xlsx
LABIRINTO,VITOR E CADU,labirinto,,LABIRINTO,T-040.511.907-4,vitor e cadu,t-040.511.907-4,Globo,MusicCueSheet_TvAberta_Outubro2023.xlsx
CRIMINAL,BRITNEY SPEARS,criminal,,CRIMINAL,T-932.737.486-7,britney spears,t-932.737.486-7,Globo,MusicCueSheet_TvAberta_Outubro2023.xlsx
BAILE DE FAVELA,MC JOAO,baile de favela,,BAILE DE FAVELA,T-303.383.693-6,mc joao,t-303.383.693-6,Globo,MusicCueSheet_TvAberta_Outubro2023.xlsx
MALANDRAMENTE,ELENCO VAI QUE COLA,malandramente,,MALANDRAMENTE,T-308.115.009-2,elenco vai que cola,t-308.115.009-2,Globo,MusicCueSheet_TvAberta_Outubro2023.xlsx
MEU BEM,WANDERLEA,meu bem,,MEU BEM,,wanderlea,nan,Globo,MusicCueSheet_TvAberta_Outubro2023.xlsx
CRIMINAL,BRITNEY SPEARS,criminal,,CRIMINAL,T-932.737.486-7,britney spears,t-932.737.486-7,Globo,MusicCueSheet_TvAberta_Outubro2023.xlsx
OPINIAO,SAMANTHA SCHMUTZ,opiniao,,OPINIÃO,,samantha schmutz,nan,Globo,MusicCueSheet_TvAberta_Outubro2023.xlsx
SAMURAI,MARCOS OOURUN,samurai,,SAMURAI,T-300.960.761-4,marcos oourun,t-300.960.761-4,Globo,MusicCueSheet_TvAberta_Outubro2023.xlsx
DESERTO,PADRE MARCELO ROSSI,deserto,,DESERTO,T-039.611.378-2,padre marcelo rossi,t-039.611.378-2,Globo,MusicCueSheet_TvAberta_Outubro2023.xlsx
FULERAGEM,MC WM,fuleragem,,FULERAGEM,T-305.214.250-0,mc wm,t-305.214.250-0,Globo,MusicCueSheet_TvAberta_Outubro2023.xlsx
TO COM SAUDADE,RODRIGUINHO,to com saudade,,TÔ COM SAUDADE,T-322.694.566-6,rodriguinho,t-322.694.566-6,Globo,MusicCueSheet_TvAberta_Outubro2023.xlsx
SAMURAI,DJAVAN,samurai,,SAMURAI,T-300.960.761-4,djavan,t-300.960.761-4,Globo,MusicCueSheet_TvAberta_Outubro2023.xlsx
SE,DJAVAN,se,,SE,T-306.925.949-6,djavan,t-306.925.949-6,Globo,MusicCueSheet_TvAberta_Outubro2023.xlsx
SALVE,TASHA E TRACIE,salve,,SALVE,T-040.396.795-2,tasha e tracie,t-040.396.795-2,Globo,MusicCueSheet_TvAberta_Outubro2023.xlsx
SALVE,TASHA E TRACIE,salve,,SALVE,,tasha e tracie,nan,Globo,MusicCueSheet_TvAberta_Outubro2023.xlsx
SALVE,TASHA E TRACIE,salve,,SALVE,T-316.303.285-3,tasha e tracie,t-316.303.285-3,Globo,MusicCueSheet_TvAberta_Outubro2023.xlsx
MAE,CHICO CHICO,mae,,MÃE,T-306.800.395-8,chico chico,t-306.800.395-8,Globo,MusicCueSheet_TvAberta_Outubro2023.xlsx
MAE,CHICO CHICO,mae,,MÃE,,chico chico,nan,Globo,MusicCueSheet_TvAberta_Outubro2023.xlsx
MINHA EX,MC BIN LADEN,minha ex,,MINHA EX,T-305.263.193-9,mc bin laden,t-305.263.193-9,Globo,MusicCueSheet_TvAberta_Outubro2023.xlsx
PODEROSA,THIAGUINHO,poderosa,,PODEROSA,T-304.309.033-7,thiaguinho,t-304.309.033-7,Globo,MusicCueSheet_TvAberta_Outubro2023.xlsx
PODEROSA,THIAGUINHO,poderosa,,PODEROSA,T-304.309.033-7,thiaguinho,t-304.309.033-7,Globo,MusicCueSheet_TvAberta_Outubro2023.xlsx
PODEROSA,THIAGUINHO,poderosa,,PODEROSA,T-304.309.033-7,thiaguinho,t-304.309.033-7,Globo,MusicCueSheet_TvAberta_Outubro2023.xlsx
VOCE DE VOLTA,"LYANE MELLO,VICTOR GREGORIO E MARCO AURELIO",voce de volta,,VOCÊ DE VOLTA,T-306.926.961-6,"lyane mello,victor gregorio e marco aurelio",t-306.926.961-6,Globo,MusicCueSheet_TvAberta_Outubro2023.xlsx
DESERTO,PADRE MARCELO ROSSI,deserto,,DESERTO,T-039.611.378-2,padre marcelo rossi,t-039.611.378-2,Globo,MusicCueSheet_TvAberta_Outubro2023.xlsx
DESERTO,PADRE MARCELO ROSSI,deserto,,DESERTO,T-039.611.378-2,padre marcelo rossi,t-039.611.378-2,Globo,MusicCueSheet_TvAberta_Outubro2023.xlsx
BAILE DE FAVELA,MC JOAO,baile de favela,,BAILE DE FAVELA,T-303.383.693-6,mc joao,t-303.383.693-6,Globo,MusicCueSheet_TvAberta_Outubro2023.xlsx
Mídia,,midia,,MIDIA,MIDIA HITS LTDA,none,midia hits ltda,Globo,Ubem_RelatórioGlobo_FEV24.xlsx
Mídia,,midia,,MIDIA,MIDIA HITS LTDA,none,midia hits ltda,Globo,Ubem_CanaisGlobo_Março24.xlsx
MARIA,RICKY MARTIN,maria,,MARIA,T-307.006.304-2,ricky martin,t-307.006.304-2,Globo,MusicCueSheet_TvAberta_Agosto2023.xlsx
MARIA,RICKY MARTIN,maria,,MARIA,T-311.953.638-4,ricky martin,t-311.953.638-4,Globo,MusicCueSheet_TvAberta_Agosto2023.xlsx
MARIA,RICKY MARTIN,maria,,MARIA,T-307.006.304-2,ricky martin,t-307.006.304-2,Globo,MusicCueSheet_TvAberta_Agosto2023.xlsx
MARIA,RICKY MARTIN,maria,,MARIA,T-311.953.638-4,ricky martin,t-311.953.638-4,Globo,MusicCueSheet_TvAberta_Agosto2023.xlsx
MARIA,ALEJANDRO VQC,maria,,MARIA,T-307.006.304-2,alejandro vqc,t-307.006.304-2,Globo,MusicCueSheet_TvAberta_Agosto2023.xlsx
MARIA,ALEJANDRO VQC,maria,,MARIA,T-311.953.638-4,alejandro vqc,t-311.953.638-4,Globo,MusicCueSheet_TvAberta_Agosto2023.xlsx
DEMARCACAO,"BRO MCS,MARINA PERALTA",demarcacao,,DEMARCAÇÃO,T-313.247.524-8,"bro mcs,marina peralta",t-313.247.524-8,Globo,MusicCueSheet_TvAberta_Agosto2023.xlsx
IMORTAL,SANDY E JUNIOR,imortal,,IMORTAL,T-307.118.165-8,sandy e junior,t-307.118.165-8,Globo,MusicCueSheet_TvAberta_Agosto2023.xlsx
VERMELHO,GLÓRIA GROOVE,vermelho,,VERMELHO,T-313.315.106-7,gloria groove,t-313.315.106-7,Globo,MusicCueSheet_TvAberta_Agosto2023.xlsx
UM ANJO,KLB,um anjo,,UM ANJO,T-307.416.481-7,klb,t-307.416.481-7,Globo,MusicCueSheet_TvAberta_Agosto2023.xlsx
ESPELHO,JORGE & MATEUS,espelho,,ESPELHO,T-931.652.333-8,jorge & mateus,t-931.652.333-8,Globo,MusicCueSheet_TvAberta_Agosto2023.xlsx
ESPELHO,JORGE & MATEUS,espelho,,ESPELHO,T-335.571.845-1,jorge & mateus,t-335.571.845-1,Globo,MusicCueSheet_TvAberta_Agosto2023.xlsx
FOGUEIRA,JORGE & MATEUS,fogueira,,FOGUEIRA,,jorge & mateus,nan,Globo,MusicCueSheet_TvAberta_Agosto2023.xlsx
VERDADE,ZECA PAGODINHO,verdade,,VERDADE,T-302.003.913-4,zeca pagodinho,t-302.003.913-4,Globo,MusicCueSheet_TvAberta_Agosto2023.xlsx
MODO AVIAO,LUDMILLA,modo aviao,,MODO AVIÃO,T-327.661.161-7,ludmilla,t-327.661.161-7,Globo,MusicCueSheet_TvAberta_Agosto2023.xlsx
VERDADE,ZECA PAGODINHO,verdade,,VERDADE,T-302.003.913-4,zeca pagodinho,t-302.003.913-4,Globo,MusicCueSheet_TvAberta_Agosto2023.xlsx
SO VOCE,"FABIO JR,DILSINHO",so voce,,SO VOCE,T-039.310.698-3,"fabio jr,dilsinho",t-039.310.698-3,Globo,MusicCueSheet_TvAberta_Agosto2023.xlsx
VERMELHO,GLORIA GROOVE,vermelho,,VERMELHO,T-313.315.106-7,gloria groove,t-313.315.106-7,Globo,MusicCueSheet_TvAberta_Agosto2023.xlsx
SUGAR,MAROON 5,sugar,,SUGAR,T-039.948.077-3,maroon 5,t-039.948.077-3,Globo,MusicCueSheet_TvAberta_Agosto2023.xlsx
FULERAGEM,MC WM,fuleragem,,FULERAGEM,T-305.214.250-0,mc wm,t-305.214.250-0,Globo,MusicCueSheet_TvAberta_Agosto2023.xlsx
VERDADE,"ZECA PAGODINHO,LUDMILLA",verdade,,VERDADE,T-302.003.913-4,"zeca pagodinho,ludmilla",t-302.003.913-4,Globo,MusicCueSheet_TvAberta_Agosto2023.xlsx
ESPELHO,BANDA ALTAS HORAS,espelho,,ESPELHO,T-931.652.333-8,banda altas horas,t-931.652.333-8,Globo,MusicCueSheet_TvAberta_Agosto2023.xlsx
ESPELHO,BANDA ALTAS HORAS,espelho,,ESPELHO,T-335.571.845-1,banda altas horas,t-335.571.845-1,Globo,MusicCueSheet_TvAberta_Agosto2023.xlsx
AMIGO,BANDA ALTAS HORAS,amigo,,AMIGO,,banda altas horas,nan,Globo,MusicCueSheet_TvAberta_Agosto2023.xlsx
CARRY ON,ANGRA,carry on,,CARRY ON,T-320.126.132-3,angra,t-320.126.132-3,Globo,MusicCueSheet_TvAberta_Agosto2023.xlsx
LETICIA,ZE VAQUEIRO,leticia,,LETICIA,T-039.948.058-0,ze vaqueiro,t-039.948.058-0,Globo,MusicCueSheet_TvAberta_Agosto2023.xlsx
MEIA NOITE,TARCISIO DO ACORDEON,meia noite,,MEIA NOITE,T-305.213.991-6,tarcisio do acordeon,t-305.213.991-6,Globo,MusicCueSheet_TvAberta_Agosto2023.xlsx
MEIA NOITE,TARCISIO DO ACORDEON,meia noite,,MEIA NOITE,,tarcisio do acordeon,nan,Globo,MusicCueSheet_TvAberta_Agosto2023.xlsx
AQUELAS COISAS,JOAO GOMES,aquelas coisas,,AQUELAS COISAS,T-317.817.145-0,joao gomes,t-317.817.145-0,Globo,MusicCueSheet_TvAberta_Agosto2023.xlsx
VERMELHO,GLORIA GROOVE,vermelho,,VERMELHO,T-313.315.106-7,gloria groove,t-313.315.106-7,Globo,MusicCueSheet_TvAberta_Agosto2023.xlsx
FELICIDADE,ELBA RAMALHO,felicidade,,FELICIDADE,,elba ramalho,nan,Globo,MusicCueSheet_TvAberta_Agosto2023.xlsx
PEGANDO FOGO,MARCUS MAJELLA,pegando fogo,,PEGANDO FOGO,T-305.213.998-3,marcus majella,t-305.213.998-3,Globo,MusicCueSheet_TvAberta_Agosto2023.xlsx
PSICOSE,ECLIPSE SOUL,psicose,,PSICOSE,T-312.553.380-0,eclipse soul,t-312.553.380-0,Globo,MusicCueSheet_TvAberta_Agosto2023.xlsx
MARACUTAIA,KAROL CONKA,maracutaia,,MARACUTAIA,T-313.315.112-5,karol conka,t-313.315.112-5,Globo,MusicCueSheet_TvAberta_Agosto2023.xlsx
BANHO DE ESPUMA,RITA LEE,banho de espuma,,BANHO DE ESPUMA,T-311.604.310-4,rita lee,t-311.604.310-4,Globo,MusicCueSheet_TvAberta_Agosto2023.xlsx
MARIA,RICKY MARTIN,maria,,MARIA,T-307.006.304-2,ricky martin,t-307.006.304-2,Globo,MusicCueSheet_TvAberta_Agosto2023.xlsx
MARIA,RICKY MARTIN,maria,,MARIA,T-311.953.638-4,ricky martin,t-311.953.638-4,Globo,MusicCueSheet_TvAberta_Agosto2023.xlsx
MENTIRA,MARCOS VALLE,mentira,,MENTIRA,T-321.834.772-5,marcos valle,t-321.834.772-5,Globo,MusicCueSheet_TvAberta_Agosto2023.xlsx
BOROGODO,"BAIANA SYSTEM, DJ WILL LOVE, DUDA BEAT, TROPKILLAZ",borogodo,,BOROGODÓ,,"baiana system, dj will love, duda beat, tropkillaz",nan,Globo,MusicCueSheet_TvAberta_Agosto2023.xlsx
BOROGODO,"BAIANA SYSTEM, DJ WILL LOVE, DUDA BEAT, TROPKILLAZ",borogodo,,BOROGODÓ,,"baiana system, dj will love, duda beat, tropkillaz",nan,Globo,MusicCueSheet_TvAberta_Agosto2023.xlsx
BOROGODO,"BAIANA SYSTEM, DJ WILL LOVE, DUDA BEAT, TROPKILLAZ",borogodo,,BOROGODÓ,,"baiana system, dj will love, duda beat, tropkillaz",nan,Globo,MusicCueSheet_TvAberta_Agosto2023.xlsx
BOROGODO,"BAIANA SYSTEM, DJ WILL LOVE, DUDA BEAT, TROPKILLAZ",borogodo,,BOROGODÓ,,"baiana system, dj will love, duda beat, tropkillaz",nan,Globo,MusicCueSheet_TvAberta_Agosto2023.xlsx
BOROGODO,"BAIANA SYSTEM, DJ WILL LOVE, DUDA BEAT, TROPKILLAZ",borogodo,,BOROGODÓ,,"baiana system, dj will love, duda beat, tropkillaz",nan,Globo,MusicCueSheet_TvAberta_Agosto2023.xlsx
BOROGODO,"BAIANA SYSTEM, DJ WILL LOVE, DUDA BEAT, TROPKILLAZ",borogodo,,BOROGODÓ,,"baiana system, dj will love, duda beat, tropkillaz",nan,Globo,MusicCueSheet_TvAberta_Agosto2023.xlsx
BOROGODO,"BAIANA SYSTEM, DJ WILL LOVE, DUDA BEAT, TROPKILLAZ",borogodo,,BOROGODÓ,,"baiana system, dj will love, duda beat, tropkillaz",nan,Globo,MusicCueSheet_TvAberta_Agosto2023.xlsx
BOROGODO,"BAIANA SYSTEM, DJ WILL LOVE, DUDA BEAT, TROPKILLAZ",borogodo,,BOROGODÓ,,"baiana system, dj will love, duda beat, tropkillaz",nan,Globo,MusicCueSheet_TvAberta_Agosto2023.xlsx
VAMOS FUGIR,ROGERIO FLAUSINO,vamos fugir,,VAMOS FUGIR,T-305.415.581-2,rogerio flausino,t-305.415.581-2,Globo,MusicCueSheet_TvAberta_Agosto2023.xlsx
VAMOS FUGIR,ROGERIO FLAUSINO,vamos fugir,,VAMOS FUGIR,T-305.415.581-2,rogerio flausino,t-305.415.581-2,Globo,MusicCueSheet_TvAberta_Agosto2023.xlsx
VAMOS FUGIR,ROGERIO FLAUSINO,vamos fugir,,VAMOS FUGIR,T-305.415.581-2,rogerio flausino,t-305.415.581-2,Globo,MusicCueSheet_TvAberta_Agosto2023.xlsx
BEIJINHO NO OMBRO,"DULCE MARIA,MARIANA XIMENES,VALESCA POPOZUDA",beijinho no ombro,,BEIJINHO NO OMBRO,T-311.569.064-3,"dulce maria,mariana ximenes,valesca popozuda",t-311.569.064-3,Globo,MusicCueSheet_TvAberta_Agosto2023.xlsx
BEIJINHO NO OMBRO,"MARCUS MAJELLA,SAMANTHA SCHMUTZ",beijinho no ombro,,BEIJINHO NO OMBRO,T-311.569.064-3,"marcus majella,samantha schmutz",t-311.569.064-3,Globo,MusicCueSheet_TvAberta_Agosto2023.xlsx
INTRO,ALOK,intro,,INTRO,T-301.569.273-2,alok,t-301.569.273-2,Globo,MusicCueSheet_TvAberta_Agosto2023.xlsx
INTRO,ALOK,intro,,INTRO,T-304.306.407-5,alok,t-304.306.407-5,Globo,MusicCueSheet_TvAberta_Agosto2023.xlsx
INTRO,ALOK,intro,,INTRO,T-309.423.419-8,alok,t-309.423.419-8,Globo,MusicCueSheet_TvAberta_Agosto2023.xlsx
INTRO,ALOK,intro,,INTRO,T-311.595.435-9,alok,t-311.595.435-9,Globo,MusicCueSheet_TvAberta_Agosto2023.xlsx
INTRO,ALOK,intro,,INTRO,,alok,nan,Globo,MusicCueSheet_TvAberta_Agosto2023.xlsx
INTRO,ALOK,intro,,INTRO,T-317.818.173-8,alok,t-317.818.173-8,Globo,MusicCueSheet_TvAberta_Agosto2023.xlsx
MALVADA,ZÉ FELIPE,malvada,,MALVADA,T-303.019.880-8,ze felipe,t-303.019.880-8,Globo,MusicCueSheet_TvAberta_Agosto2023.xlsx
MALVADA,ZÉ FELIPE,malvada,,MALVADA,,ze felipe,nan,Globo,MusicCueSheet_TvAberta_Agosto2023.xlsx
COISAS QUE EU SEI,FELIPE AMORIM,coisas que eu sei,,COISAS QUE EU SEI,T-042.615.531-8,felipe amorim,t-042.615.531-8,Globo,MusicCueSheet_TvAberta_Agosto2023.xlsx
COISAS QUE EU SEI,FELIPE AMORIM,coisas que eu sei,,COISAS QUE EU SEI,T-042.615.531-8,felipe amorim,t-042.615.531-8,Globo,MusicCueSheet_TvAberta_Agosto2023.xlsx
VERMELHO,GLORIA GROOVE-,vermelho,,VERMELHO,T-313.315.106-7,gloria groove-,t-313.315.106-7,Globo,MusicCueSheet_TvAberta_Agosto2023.xlsx
VERMELHO,GLORIA GROOVE,vermelho,,VERMELHO,T-313.315.106-7,gloria groove,t-313.315.106-7,Globo,MusicCueSheet_TvAberta_Agosto2023.xlsx
VERMELHO,GLORIA GROOVE,vermelho,,VERMELHO,T-313.315.106-7,gloria groove,t-313.315.106-7,Globo,MusicCueSheet_TvAberta_Agosto2023.xlsx
VINGANCA,LUAN SANTANA,vinganca,,VINGANÇA,T-040.226.902-6,luan santana,t-040.226.902-6,Globo,MusicCueSheet_TvAberta_Agosto2023.xlsx
BEIJINHO NO OMBRO,VALESCA POPOZUDA,beijinho no ombro,,BEIJINHO NO OMBRO,T-311.569.064-3,valesca popozuda,t-311.569.064-3,Globo,MusicCueSheet_TvAberta_Agosto2023.xlsx
BEIJINHO NO OMBRO,MARCUS MAJELLA,beijinho no ombro,,BEIJINHO NO OMBRO,T-311.569.064-3,marcus majella,t-311.569.064-3,Globo,MusicCueSheet_TvAberta_Agosto2023.xlsx
FELICIDADE,"ANDRÉ SARATE,CAPU,SERGINHO MOAH",felicidade,,FELICIDADE,,"andre sarate,capu,serginho moah",nan,Globo,MusicCueSheet_TvAberta_Agosto2023.xlsx
FELICIDADE,"ANDRÉ SARATE,CAPU,SERGINHO MOAH",felicidade,,FELICIDADE,,"andre sarate,capu,serginho moah",nan,Globo,MusicCueSheet_TvAberta_Agosto2023.xlsx
FELICIDADE,"ANDRÉ SARATE,CAPU,SERGINHO MOAH",felicidade,,FELICIDADE,,"andre sarate,capu,serginho moah",nan,Globo,MusicCueSheet_TvAberta_Agosto2023.xlsx
FELICIDADE,"ANDRÉ SARATE,CAPU,SERGINHO MOAH",felicidade,,FELICIDADE,,"andre sarate,capu,serginho moah",nan,Globo,MusicCueSheet_TvAberta_Agosto2023.xlsx
Mídia,,midia,,MIDIA,MIDIA HITS LTDA,none,midia hits ltda,Globo,Relatorio_CanaisGlobo__Jan24.xlsx
INVISIVEL,BAIANA SYSTEM,invisivel,,INVISÍVEL,T-327.329.923-9,baiana system,t-327.329.923-9,Globo,Ubem_MusicCueSheet_OriginaisGloboplay_Novembro23.xlsx
INVISIVEL,BAIANA SYSTEM,invisivel,,INVISÍVEL,T-327.329.923-9,baiana system,t-327.329.923-9,Globo,Ubem_MusicCueSheet_OriginaisGloboplay_Novembro23.xlsx
INVISIVEL,BAIANA SYSTEM,invisivel,,INVISÍVEL,T-327.329.923-9,baiana system,t-327.329.923-9,Globo,Ubem_MusicCueSheet_OriginaisGloboplay_Novembro23.xlsx
INVISIVEL,BAIANA SYSTEM,invisivel,,INVISÍVEL,T-327.329.923-9,baiana system,t-327.329.923-9,Globo,Ubem_MusicCueSheet_OriginaisGloboplay_Novembro23.xlsx
INVISIVEL,BAIANA SYSTEM,invisivel,,INVISÍVEL,T-327.329.923-9,baiana system,t-327.329.923-9,Globo,Ubem_MusicCueSheet_OriginaisGloboplay_Novembro23.xlsx
DINGO BELL,MC TETEU,dingo bell,,DINGO BELL,T-305.213.621-3,mc teteu,t-305.213.621-3,Globo,Ubem_MusicCueSheet_OriginaisGloboplay_Novembro23.xlsx
AMANHA,ELENCO,amanha,,AMANHÃ,T-307.004.953-1,elenco,t-307.004.953-1,Globo,Ubem_MusicCueSheet_OriginaisGloboplay_Janeiro24.xlsx
FELICIDADE,ELENCO,felicidade,,FELICIDADE,,elenco,nan,Globo,Ubem_MusicCueSheet_OriginaisGloboplay_Janeiro24.xlsx
FELICIDADE,ELENCO,felicidade,,FELICIDADE,,elenco,nan,Globo,Ubem_MusicCueSheet_OriginaisGloboplay_Janeiro24.xlsx
PRELUDIO,ELENCO,preludio,,PRELÚDIO,,elenco,nan,Globo,Ubem_MusicCueSheet_OriginaisGloboplay_Janeiro24.xlsx
ABISMO,MANU BAHTIDÃO,abismo,,ABISMO,T-303.016.284-2,manu bahtidao,t-303.016.284-2,SBT,Unificado SBT nov dez 23 e jan fev mar 24.xls
ABISMO,MANU BAHTIDÃO,abismo,,ABISMO,T-315.588.616-7,manu bahtidao,t-315.588.616-7,SBT,Unificado SBT nov dez 23 e jan fev mar 24.xls
ANOITECEU,ASSIS VALENTE,anoiteceu,,ANOITECEU,T-311.955.867-3,assis valente,t-311.955.867-3,SBT,Unificado SBT nov dez 23 e jan fev mar 24.xls
HEY JOE,ULTRAJE A RIGOR,hey joe,,HEY JOE,T-310.669.168-9,ultraje a rigor,t-310.669.168-9,SBT,Unificado SBT nov dez 23 e jan fev mar 24.xls
NEGA,NOVA BANDA DO RATINHO,nega,,NEGA,T-305.218.709-0,nova banda do ratinho,t-305.218.709-0,SBT,Unificado SBT nov dez 23 e jan fev mar 24.xls
BEIJINHO NO OMBRO,VALESKA POPOZUDA,beijinho no ombro,,BEIJINHO NO OMBRO,T-311.569.064-3,valeska popozuda,t-311.569.064-3,SBT,Unificado SBT nov dez 23 e jan fev mar 24.xls
BEIJINHO NO OMBRO,VALESKA POPOZUDA,beijinho no ombro,,BEIJINHO NO OMBRO,T-311.569.064-3,valeska popozuda,t-311.569.064-3,SBT,Unificado SBT nov dez 23 e jan fev mar 24.xls
BEIJINHO NO OMBRO,VALESKA POPOZUDA,beijinho no ombro,,BEIJINHO NO OMBRO,T-311.569.064-3,valeska popozuda,t-311.569.064-3,SBT,Unificado SBT nov dez 23 e jan fev mar 24.xls
NOITE,NILSINHO E CESAR MENOTTI,noite,,NOITE,T-306.926.957-0,nilsinho e cesar menotti,t-306.926.957-0,SBT,Unificado SBT nov dez 23 e jan fev mar 24.xls
DIANA,NOVA BANDA DO RATINHO,diana,,DIANA,,nova banda do ratinho,nan,SBT,Unificado SBT nov dez 23 e jan fev mar 24.xls
SEBASTIANA,NOVA BANDA DO RATINHO,sebastiana,,SEBASTIANA,,nova banda do ratinho,nan,SBT,Unificado SBT nov dez 23 e jan fev mar 24.xls
SEM SENTIMENTO,MC DESIRRE,sem sentimento,,SEM SENTIMENTO,,mc desirre,nan,SBT,Unificado SBT nov dez 23 e jan fev mar 24.xls
SEM SENTIMENTO,MC DESIRRE,sem sentimento,,SEM SENTIMENTO,T-323.105.005-4,mc desirre,t-323.105.005-4,SBT,Unificado SBT nov dez 23 e jan fev mar 24.xls
DOMINGO,TITÃS,domingo,,DOMINGO,T-307.003.485-0,titas,t-307.003.485-0,SBT,Unificado SBT nov dez 23 e jan fev mar 24.xls
DOMINGO,TITÃS,domingo,,DOMINGO,T-301.991.455-3,titas,t-301.991.455-3,SBT,Unificado SBT nov dez 23 e jan fev mar 24.xls
CORAÇÃO,LUZ/GIL FERRAZ/NATASCHA PIVA,coracao,,CORAÇÃO,,luz/gil ferraz/natascha piva,nan,SBT,Unificado SBT nov dez 23 e jan fev mar 24.xls
DO LADO DE CÁ,LEANDRO LOURENÇO SALERNO,do lado de ca,,DO LADO DE CÁ,,leandro lourenco salerno,nan,SBT,Unificado SBT nov dez 23 e jan fev mar 24.xls
DO LADO DE CÁ,LEANDRO LOURENÇO SALERNO,do lado de ca,,DO LADO DE CÁ,,leandro lourenco salerno,nan,SBT,Unificado SBT nov dez 23 e jan fev mar 24.xls
FELICIDADE,SEU JORGE,felicidade,,FELICIDADE,,seu jorge,nan,SBT,Unificado SBT nov dez 23 e jan fev mar 24.xls
FELICIDADE,SEU JORGE,felicidade,,FELICIDADE,,seu jorge,nan,SBT,Unificado SBT nov dez 23 e jan fev mar 24.xls
CINDERELA,ANGELA MARIA,cinderela,,CINDERELA,T-039.134.790-2,angela maria,t-039.134.790-2,SBT,Unificado SBT nov dez 23 e jan fev mar 24.xls
CINDERELA,ANGELA MARIA,cinderela,,CINDERELA,T-040.453.901-0,angela maria,t-040.453.901-0,SBT,Unificado SBT nov dez 23 e jan fev mar 24.xls
MALVADA,NOVA BANDA DO RATINHO,malvada,,MALVADA,T-303.019.880-8,nova banda do ratinho,t-303.019.880-8,SBT,Unificado SBT nov dez 23 e jan fev mar 24.xls
MALVADA,NOVA BANDA DO RATINHO,malvada,,MALVADA,,nova banda do ratinho,nan,SBT,Unificado SBT nov dez 23 e jan fev mar 24.xls
MALVADA,NOVA BANDA DO RATINHO,malvada,,MALVADA,T-303.019.880-8,nova banda do ratinho,t-303.019.880-8,SBT,Unificado SBT nov dez 23 e jan fev mar 24.xls
MALVADA,NOVA BANDA DO RATINHO,malvada,,MALVADA,,nova banda do ratinho,nan,SBT,Unificado SBT nov dez 23 e jan fev mar 24.xls
BEIJINHO NO OMBRO,NOVA BANDA DO RATINHO,beijinho no ombro,,BEIJINHO NO OMBRO,T-311.569.064-3,nova banda do ratinho,t-311.569.064-3,SBT,Unificado SBT nov dez 23 e jan fev mar 24.xls
BEIJINHO NO OMBRO,NOVA BANDA DO RATINHO,beijinho no ombro,,BEIJINHO NO OMBRO,T-311.569.064-3,nova banda do ratinho,t-311.569.064-3,SBT,Unificado SBT nov dez 23 e jan fev mar 24.xls
BEIJINHO NO OMBRO,NOVA BANDA DO RATINHO,beijinho no ombro,,BEIJINHO NO OMBRO,T-311.569.064-3,nova banda do ratinho,t-311.569.064-3,SBT,Unificado SBT nov dez 23 e jan fev mar 24.xls
AQUELAS COISAS,NOVA BANDA DO RATINHO,aquelas coisas,,AQUELAS COISAS,T-317.817.145-0,nova banda do ratinho,t-317.817.145-0,SBT,Unificado SBT nov dez 23 e jan fev mar 24.xls
VIDA LOKA,MILENE,vida loka,,VIDA LOKA,T-304.714.866-9,milene,t-304.714.866-9,SBT,Unificado SBT nov dez 23 e jan fev mar 24.xls
VIDA LOKA,MILENE,vida loka,,VIDA LOKA,T-304.714.866-9,milene,t-304.714.866-9,SBT,Unificado SBT nov dez 23 e jan fev mar 24.xls
DIANA,NOVA BANDA DO RATINHO,diana,,DIANA,,nova banda do ratinho,nan,SBT,Unificado SBT nov dez 23 e jan fev mar 24.xls
OI,BANDA SILVIO SANTOS,oi,,OI,,banda silvio santos,nan,SBT,Unificado SBT nov dez 23 e jan fev mar 24.xls
VERMELHO,NATASCHA PIVA/GIL FERRAZ/LUZ,vermelho,,VERMELHO,T-313.315.106-7,natascha piva/gil ferraz/luz,t-313.315.106-7,SBT,Unificado SBT nov dez 23 e jan fev mar 24.xls
FICA,LEANDRO LOURENÇO SALERNO,fica,,FICA,,leandro lourenco salerno,nan,SBT,Unificado SBT nov dez 23 e jan fev mar 24.xls
VERDADE,LEANDRO LOURENÇO SALERNO,verdade,,VERDADE,T-302.003.913-4,leandro lourenco salerno,t-302.003.913-4,SBT,Unificado SBT nov dez 23 e jan fev mar 24.xls
VERDADE,LEANDRO LOURENÇO SALERNO,verdade,,VERDADE,T-302.003.913-4,leandro lourenco salerno,t-302.003.913-4,SBT,Unificado SBT nov dez 23 e jan fev mar 24.xls
VAGALUMES,LEANDRO LOURENÇO SALERNO,vagalumes,,VAGALUMES,T-932.504.060-6,leandro lourenco salerno,t-932.504.060-6,SBT,Unificado SBT nov dez 23 e jan fev mar 24.xls
VAGALUMES,LEANDRO LOURENÇO SALERNO,vagalumes,,VAGALUMES,T-932.504.060-6,leandro lourenco salerno,t-932.504.060-6,SBT,Unificado SBT nov dez 23 e jan fev mar 24.xls
VAGALUMES,LEANDRO LOURENÇO SALERNO,vagalumes,,VAGALUMES,T-932.504.060-6,leandro lourenco salerno,t-932.504.060-6,SBT,Unificado SBT nov dez 23 e jan fev mar 24.xls
MORENA,LUAN SANTANA,morena,,MORENA,,luan santana,nan,SBT,Unificado SBT nov dez 23 e jan fev mar 24.xls
MORENA,LUAN SANTANA,morena,,MORENA,T-312.550.698-7,luan santana,t-312.550.698-7,SBT,Unificado SBT nov dez 23 e jan fev mar 24.xls
MORENA,LUAN SANTANA,morena,,MORENA,,luan santana,nan,SBT,Unificado SBT nov dez 23 e jan fev mar 24.xls
MORENA,LUAN SANTANA,morena,,MORENA,T-312.550.698-7,luan santana,t-312.550.698-7,SBT,Unificado SBT nov dez 23 e jan fev mar 24.xls
TETO DE VIDRO,BANDA SILVIO SANTOS,teto de vidro,,TETO DE VIDRO,T-321.537.364-7,banda silvio santos,t-321.537.364-7,SBT,Unificado SBT nov dez 23 e jan fev mar 24.xls
VAMOS FUGIR,BANDA SILVIO SANTOS,vamos fugir,,VAMOS FUGIR,T-305.415.581-2,banda silvio santos,t-305.415.581-2,SBT,Unificado SBT nov dez 23 e jan fev mar 24.xls
VAMOS FUGIR,BANDA SILVIO SANTOS,vamos fugir,,VAMOS FUGIR,T-305.415.581-2,banda silvio santos,t-305.415.581-2,SBT,Unificado SBT nov dez 23 e jan fev mar 24.xls
ERA UMA VEZ,KELL SMITH,era uma vez,,ERA UMA VEZ,,kell smith,nan,SBT,Unificado SBT nov dez 23 e jan fev mar 24.xls
BRISA,IZA,brisa,,BRISA,T-315.799.145-8,iza,t-315.799.145-8,SBT,Unificado SBT nov dez 23 e jan fev mar 24.xls
BRISA,IZA,brisa,,BRISA,T-316.180.981-6,iza,t-316.180.981-6,SBT,Unificado SBT nov dez 23 e jan fev mar 24.xls
BRISA,IZA,brisa,,BRISA,T-326.766.166-1,iza,t-326.766.166-1,SBT,Unificado SBT nov dez 23 e jan fev mar 24.xls
BRISA,IZA,brisa,,BRISA,T-315.799.145-8,iza,t-315.799.145-8,SBT,Unificado SBT nov dez 23 e jan fev mar 24.xls
BRISA,IZA,brisa,,BRISA,T-316.180.981-6,iza,t-316.180.981-6,SBT,Unificado SBT nov dez 23 e jan fev mar 24.xls
BRISA,IZA,brisa,,BRISA,T-326.766.166-1,iza,t-326.766.166-1,SBT,Unificado SBT nov dez 23 e jan fev mar 24.xls
VERDADE,NATASCHA PIVA,verdade,,VERDADE,T-302.003.913-4,natascha piva,t-302.003.913-4,SBT,Unificado SBT nov dez 23 e jan fev mar 24.xls
VERDADE,NATASCHA PIVA,verdade,,VERDADE,T-302.003.913-4,natascha piva,t-302.003.913-4,SBT,Unificado SBT nov dez 23 e jan fev mar 24.xls
SENTADAO,PSIRICO,sentadao,,SENTADÃO,T-303.014.916-3,psirico,t-303.014.916-3,SBT,Unificado SBT nov dez 23 e jan fev mar 24.xls
SENTADAO,PSIRICO,sentadao,,SENTADÃO,T-304.715.440-1,psirico,t-304.715.440-1,SBT,Unificado SBT nov dez 23 e jan fev mar 24.xls
SENTADAO,PSIRICO,sentadao,,SENTADÃO,T-325.955.974-1,psirico,t-325.955.974-1,SBT,Unificado SBT nov dez 23 e jan fev mar 24.xls
GIRASSOL,IZA VICTÓRIA,girassol,,GIRASSOL,T-335.572.256-0,iza victoria,t-335.572.256-0,SBT,Unificado SBT nov dez 23 e jan fev mar 24.xls
BALMAIN,MC DANIEL,balmain,,BALMAIN,,mc daniel,nan,SBT,Unificado SBT nov dez 23 e jan fev mar 24.xls
PRIMAVERA,LEANDRO LOURENÇO SALERNO,primavera,,PRIMAVERA,T-330.191.323-1,leandro lourenco salerno,t-330.191.323-1,SBT,Unificado SBT nov dez 23 e jan fev mar 24.xls
PRIMAVERA,LEANDRO LOURENÇO SALERNO,primavera,,PRIMAVERA,T-040.160.962-8,leandro lourenco salerno,t-040.160.962-8,SBT,Unificado SBT nov dez 23 e jan fev mar 24.xls
ANOITECEU,JEITO MOLEQUE/LUCAS MORATO/MR. DAN/PÉRICLES/SAMBÔ/THIAGUINHO,anoiteceu,,ANOITECEU,T-311.955.867-3,jeito moleque/lucas morato/mr. dan/pericles/sambo/thiaguinho,t-311.955.867-3,SBT,Unificado SBT nov dez 23 e jan fev mar 24.xls
ANOITECEU,CIRCO DO TIRULIPA,anoiteceu,,ANOITECEU,T-311.955.867-3,circo do tirulipa,t-311.955.867-3,SBT,Unificado SBT nov dez 23 e jan fev mar 24.xls
GIRASSOL,PRISCILLA,girassol,,GIRASSOL,T-335.572.256-0,priscilla,t-335.572.256-0,SBT,Unificado SBT nov dez 23 e jan fev mar 24.xls
GIRASSOL,TIAGO BARNABÉ,girassol,,GIRASSOL,T-335.572.256-0,tiago barnabe,t-335.572.256-0,SBT,Unificado SBT nov dez 23 e jan fev mar 24.xls
GIRASSOL,TIAGO BARNABÉ,girassol,,GIRASSOL,T-335.572.256-0,tiago barnabe,t-335.572.256-0,SBT,Unificado SBT nov dez 23 e jan fev mar 24.xls
PAPI,JENNIFER LOPEZ,papi,,PAPI,T-300.970.750-6,jennifer lopez,t-300.970.750-6,SBT,Unificado SBT nov dez 23 e jan fev mar 24.xls
PAPI,JENNIFER LOPEZ,papi,,PAPI,,jennifer lopez,nan,SBT,Unificado SBT nov dez 23 e jan fev mar 24.xls
SOU EU,TRAIA VÉIA,sou eu,,SOU EU,T-042.615.532-9,traia veia,t-042.615.532-9,SBT,Unificado SBT nov dez 23 e jan fev mar 24.xls
SOU EU,TRAIA VÉIA,sou eu,,SOU EU,T-042.615.532-9,traia veia,t-042.615.532-9,SBT,Unificado SBT nov dez 23 e jan fev mar 24.xls
SOU EU,TRAIA VÉIA,sou eu,,SOU EU,T-042.615.532-9,traia veia,t-042.615.532-9,SBT,Unificado SBT nov dez 23 e jan fev mar 24.xls
SE FOI,BRUNINHO SCANDALLI,se foi,,SE FOI,T-039.497.697-6,bruninho scandalli,t-039.497.697-6,SBT,Unificado SBT nov dez 23 e jan fev mar 24.xls
MEIA NOITE,RAFAEL/CIDA,meia noite,,MEIA NOITE,T-305.213.991-6,rafael/cida,t-305.213.991-6,SBT,Unificado SBT nov dez 23 e jan fev mar 24.xls
MEIA NOITE,RAFAEL/CIDA,meia noite,,MEIA NOITE,,rafael/cida,nan,SBT,Unificado SBT nov dez 23 e jan fev mar 24.xls
SEBASTIANA,NOVA BANDA DO RATINHO,sebastiana,,SEBASTIANA,,nova banda do ratinho,nan,SBT,Unificado SBT nov dez 23 e jan fev mar 24.xls
ISRAEL,ULTRAJE A RIGOR,israel,,ISRAEL,T-333.176.563-6,ultraje a rigor,t-333.176.563-6,SBT,Unificado SBT nov dez 23 e jan fev mar 24.xls
ISRAEL,ULTRAJE A RIGOR,israel,,ISRAEL,T-333.176.563-6,ultraje a rigor,t-333.176.563-6,SBT,Unificado SBT nov dez 23 e jan fev mar 24.xls
BRISA,LUZ/ NATASCHA PIVA/ GIL FERRAZ,brisa,,BRISA,T-315.799.145-8,luz/ natascha piva/ gil ferraz,t-315.799.145-8,SBT,Unificado SBT nov dez 23 e jan fev mar 24.xls
BRISA,LUZ/ NATASCHA PIVA/ GIL FERRAZ,brisa,,BRISA,T-316.180.981-6,luz/ natascha piva/ gil ferraz,t-316.180.981-6,SBT,Unificado SBT nov dez 23 e jan fev mar 24.xls
BRISA,LUZ/ NATASCHA PIVA/ GIL FERRAZ,brisa,,BRISA,T-326.766.166-1,luz/ natascha piva/ gil ferraz,t-326.766.166-1,SBT,Unificado SBT nov dez 23 e jan fev mar 24.xls
BRISA,LUZ/ NATASCHA PIVA/ GIL FERRAZ,brisa,,BRISA,T-315.799.145-8,luz/ natascha piva/ gil ferraz,t-315.799.145-8,SBT,Unificado SBT nov dez 23 e jan fev mar 24.xls
BRISA,LUZ/ NATASCHA PIVA/ GIL FERRAZ,brisa,,BRISA,T-316.180.981-6,luz/ natascha piva/ gil ferraz,t-316.180.981-6,SBT,Unificado SBT nov dez 23 e jan fev mar 24.xls
BRISA,LUZ/ NATASCHA PIVA/ GIL FERRAZ,brisa,,BRISA,T-326.766.166-1,luz/ natascha piva/ gil ferraz,t-326.766.166-1,SBT,Unificado SBT nov dez 23 e jan fev mar 24.xls
IDENTIDADE,LEANDRO LOURENÇO SALERNO,identidade,,IDENTIDADE,T-039.497.763-9,leandro lourenco salerno,t-039.497.763-9,SBT,Unificado SBT nov dez 23 e jan fev mar 24.xls
OUTDOOR,BANDA SILVIO SANTOS,outdoor,,OUTDOOR,T-301.719.331-2,banda silvio santos,t-301.719.331-2,SBT,Unificado SBT nov dez 23 e jan fev mar 24.xls
OUTDOOR,BANDA SILVIO SANTOS,outdoor,,OUTDOOR,T-301.719.331-2,banda silvio santos,t-301.719.331-2,SBT,Unificado SBT nov dez 23 e jan fev mar 24.xls
SAUDADE,LEANDRO LOURENÇO SALERNO,saudade,,SAUDADE,T-306.509.964-7,leandro lourenco salerno,t-306.509.964-7,SBT,Unificado SBT nov dez 23 e jan fev mar 24.xls
SAUDADE,LEANDRO LOURENÇO SALERNO,saudade,,SAUDADE,T-039.751.632-3,leandro lourenco salerno,t-039.751.632-3,SBT,Unificado SBT nov dez 23 e jan fev mar 24.xls
SAUDADE,LEANDRO LOURENÇO SALERNO,saudade,,SAUDADE,,leandro lourenco salerno,nan,SBT,Unificado SBT nov dez 23 e jan fev mar 24.xls
SAUDADE,LEANDRO LOURENÇO SALERNO,saudade,,SAUDADE,T-305.264.938-0,leandro lourenco salerno,t-305.264.938-0,SBT,Unificado SBT nov dez 23 e jan fev mar 24.xls
OI,LEANDRO LOURENÇO SALERNO,oi,,OI,,leandro lourenco salerno,nan,SBT,Unificado SBT nov dez 23 e jan fev mar 24.xls
MAGICA,GUGO E GUILHERME,magica,,MÁGICA,T-307.416.503-6,gugo e guilherme,t-307.416.503-6,SBT,Unificado SBT nov dez 23 e jan fev mar 24.xls
MAGICA,GUGO E GUILHERME,magica,,MÁGICA,T-307.416.503-6,gugo e guilherme,t-307.416.503-6,SBT,Unificado SBT nov dez 23 e jan fev mar 24.xls
BEIJINHO NO OMBRO,RAFINHA/BALLET,beijinho no ombro,,BEIJINHO NO OMBRO,T-311.569.064-3,rafinha/ballet,t-311.569.064-3,SBT,Unificado SBT nov dez 23 e jan fev mar 24.xls
BEIJINHO NO OMBRO,RAFINHA/BALLET,beijinho no ombro,,BEIJINHO NO OMBRO,T-311.569.064-3,rafinha/ballet,t-311.569.064-3,SBT,Unificado SBT nov dez 23 e jan fev mar 24.xls
BEIJINHO NO OMBRO,RAFINHA/BALLET,beijinho no ombro,,BEIJINHO NO OMBRO,T-311.569.064-3,rafinha/ballet,t-311.569.064-3,SBT,Unificado SBT nov dez 23 e jan fev mar 24.xls
BRISA,IZA,brisa,,BRISA,T-315.799.145-8,iza,t-315.799.145-8,SBT,Unificado SBT nov dez 23 e jan fev mar 24.xls
BRISA,IZA,brisa,,BRISA,T-316.180.981-6,iza,t-316.180.981-6,SBT,Unificado SBT nov dez 23 e jan fev mar 24.xls
BRISA,IZA,brisa,,BRISA,T-326.766.166-1,iza,t-326.766.166-1,SBT,Unificado SBT nov dez 23 e jan fev mar 24.xls
BRISA,IZA,brisa,,BRISA,T-315.799.145-8,iza,t-315.799.145-8,SBT,Unificado SBT nov dez 23 e jan fev mar 24.xls
BRISA,IZA,brisa,,BRISA,T-316.180.981-6,iza,t-316.180.981-6,SBT,Unificado SBT nov dez 23 e jan fev mar 24.xls
BRISA,IZA,brisa,,BRISA,T-326.766.166-1,iza,t-326.766.166-1,SBT,Unificado SBT nov dez 23 e jan fev mar 24.xls
PARA QUE TÁ FEIO,KAMISA10,para que ta feio,,PARA QUE TÁ FEIO,T-303.766.127-7,kamisa10,t-303.766.127-7,SBT,Unificado SBT nov dez 23 e jan fev mar 24.xls
PRIMAVERA,TIM MAIA,primavera,,PRIMAVERA,T-330.191.323-1,tim maia,t-330.191.323-1,SBT,Unificado SBT nov dez 23 e jan fev mar 24.xls
PRIMAVERA,TIM MAIA,primavera,,PRIMAVERA,T-040.160.962-8,tim maia,t-040.160.962-8,SBT,Unificado SBT nov dez 23 e jan fev mar 24.xls
ALMA,ZELIA DUNCAN,alma,,ALMA,T-300.966.231-7,zelia duncan,t-300.966.231-7,SBT,Unificado SBT nov dez 23 e jan fev mar 24.xls
ALMA,ZELIA DUNCAN,alma,,ALMA,T-300.966.231-7,zelia duncan,t-300.966.231-7,SBT,Unificado SBT nov dez 23 e jan fev mar 24.xls
DIANA,NOVA BANDA DO RATINHO,diana,,DIANA,,nova banda do ratinho,nan,SBT,Unificado SBT nov dez 23 e jan fev mar 24.xls
BEIJINHO NO OMBRO,LUZ/NATASHA PIVA/GIL,beijinho no ombro,,BEIJINHO NO OMBRO,T-311.569.064-3,luz/natasha piva/gil,t-311.569.064-3,SBT,Unificado SBT nov dez 23 e jan fev mar 24.xls
BEIJINHO NO OMBRO,LUZ/NATASHA PIVA/GIL,beijinho no ombro,,BEIJINHO NO OMBRO,T-311.569.064-3,luz/natasha piva/gil,t-311.569.064-3,SBT,Unificado SBT nov dez 23 e jan fev mar 24.xls
BEIJINHO NO OMBRO,LUZ/NATASHA PIVA/GIL,beijinho no ombro,,BEIJINHO NO OMBRO,T-311.569.064-3,luz/natasha piva/gil,t-311.569.064-3,SBT,Unificado SBT nov dez 23 e jan fev mar 24.xls
MALVADA,LUCAS GUEDEZ,malvada,,MALVADA,T-303.019.880-8,lucas guedez,t-303.019.880-8,SBT,Unificado SBT nov dez 23 e jan fev mar 24.xls
MALVADA,LUCAS GUEDEZ,malvada,,MALVADA,,lucas guedez,nan,SBT,Unificado SBT nov dez 23 e jan fev mar 24.xls
MALVADA,LUCAS GUEDEZ,malvada,,MALVADA,T-303.019.880-8,lucas guedez,t-303.019.880-8,SBT,Unificado SBT nov dez 23 e jan fev mar 24.xls
MALVADA,LUCAS GUEDEZ,malvada,,MALVADA,,lucas guedez,nan,SBT,Unificado SBT nov dez 23 e jan fev mar 24.xls
FELICIDADE,SEU JORGE,felicidade,,FELICIDADE,,seu jorge,nan,SBT,Unificado SBT nov dez 23 e jan fev mar 24.xls
FELICIDADE,SEU JORGE,felicidade,,FELICIDADE,,seu jorge,nan,SBT,Unificado SBT nov dez 23 e jan fev mar 24.xls
FELICIDADE,SEU JORGE,felicidade,,FELICIDADE,,seu jorge,nan,SBT,Unificado SBT nov dez 23 e jan fev mar 24.xls
HEY JOE,JIMMI HENDRIX,hey joe,,HEY JOE,T-310.669.168-9,jimmi hendrix,t-310.669.168-9,SBT,Unificado SBT nov dez 23 e jan fev mar 24.xls
GOLD,STEPHANIE KIARA,gold,,GOLD,T-327.329.924-0,stephanie kiara,t-327.329.924-0,SBT,Unificado SBT nov dez 23 e jan fev mar 24.xls
MORENA,CLAYTON E ROMÁRIO,morena,,MORENA,,clayton e romario,nan,SBT,Unificado SBT nov dez 23 e jan fev mar 24.xls
MORENA,CLAYTON E ROMÁRIO,morena,,MORENA,T-312.550.698-7,clayton e romario,t-312.550.698-7,SBT,Unificado SBT nov dez 23 e jan fev mar 24.xls
CHOCOLATE,ANGÉLICA,chocolate,,CHOCOLATE,T-322.528.891-1,angelica,t-322.528.891-1,SBT,Unificado SBT nov dez 23 e jan fev mar 24.xls
MALVADA,ZÉ FELIPE,malvada,,MALVADA,T-303.019.880-8,ze felipe,t-303.019.880-8,SBT,Unificado SBT nov dez 23 e jan fev mar 24.xls
MALVADA,ZÉ FELIPE,malvada,,MALVADA,,ze felipe,nan,SBT,Unificado SBT nov dez 23 e jan fev mar 24.xls
MALVADA,ZÉ FELIPE,malvada,,MALVADA,T-303.019.880-8,ze felipe,t-303.019.880-8,SBT,Unificado SBT nov dez 23 e jan fev mar 24.xls
MALVADA,ZÉ FELIPE,malvada,,MALVADA,,ze felipe,nan,SBT,Unificado SBT nov dez 23 e jan fev mar 24.xls
DEJA VU,LUAN SANTANA,deja vu,,DÉJÀ VU,T-308.187.765-4,luan santana,t-308.187.765-4,SBT,Unificado SBT nov dez 23 e jan fev mar 24.xls
CHOCOLATE,TIM MAIA,chocolate,,CHOCOLATE,T-322.528.891-1,tim maia,t-322.528.891-1,SBT,Unificado SBT nov dez 23 e jan fev mar 24.xls
MACETANDO,SAKAMOTO,macetando,,MACETANDO,T-318.000.000-0,sakamoto,t-318.000.000-0,SBT,Unificado SBT nov dez 23 e jan fev mar 24.xls
SEBASTIANA,NOVA BANDA DO RATINHO,sebastiana,,SEBASTIANA,,nova banda do ratinho,nan,SBT,Unificado SBT nov dez 23 e jan fev mar 24.xls
O MELHOR PRA MIM,ELI SOARES,o melhor pra mim,,O MELHOR PRA MIM,T-210.150.213-7,eli soares,t-210.150.213-7,SBT,Unificado SBT nov dez 23 e jan fev mar 24.xls
O MELHOR PRA MIM,ELI SOARES,o melhor pra mim,,O MELHOR PRA MIM,T-210.150.213-7,eli soares,t-210.150.213-7,SBT,Unificado SBT nov dez 23 e jan fev mar 24.xls
DIANA,NOVA BANDA DO RATINHO,diana,,DIANA,,nova banda do ratinho,nan,SBT,Unificado SBT nov dez 23 e jan fev mar 24.xls
ABISMO,MANU BAHTIDÃO,abismo,,ABISMO,T-303.016.284-2,manu bahtidao,t-303.016.284-2,SBT,Unificado SBT nov dez 23 e jan fev mar 24.xls
ABISMO,MANU BAHTIDÃO,abismo,,ABISMO,T-315.588.616-7,manu bahtidao,t-315.588.616-7,SBT,Unificado SBT nov dez 23 e jan fev mar 24.xls
ABISMO,MANU BAHTIDÃO,abismo,,ABISMO,T-303.016.284-2,manu bahtidao,t-303.016.284-2,SBT,Unificado SBT nov dez 23 e jan fev mar 24.xls
ABISMO,MANU BAHTIDÃO,abismo,,ABISMO,T-315.588.616-7,manu bahtidao,t-315.588.616-7,SBT,Unificado SBT nov dez 23 e jan fev mar 24.xls
FLUTUANDO,ZERO61,flutuando,,FLUTUANDO,T-040.076.549-2,zero61,t-040.076.549-2,SBT,Unificado SBT nov dez 23 e jan fev mar 24.xls
MACETANDO,IVETE,macetando,,MACETANDO,T-318.000.000-0,ivete,t-318.000.000-0,SBT,Unificado SBT nov dez 23 e jan fev mar 24.xls
MACETANDO,DANIEL LEVI,macetando,,MACETANDO,T-318.000.000-0,daniel levi,t-318.000.000-0,SBT,Unificado SBT nov dez 23 e jan fev mar 24.xls
MACETANDO,VICTOR SARRO,macetando,,MACETANDO,T-318.000.000-0,victor sarro,t-318.000.000-0,SBT,Unificado SBT nov dez 23 e jan fev mar 24.xls
MACETANDO,LUZ/NATASCHA PIVA/GIL FERRAZ,macetando,,MACETANDO,T-318.000.000-0,luz/natascha piva/gil ferraz,t-318.000.000-0,SBT,Unificado SBT nov dez 23 e jan fev mar 24.xls
OI,NOVA BANDA DO RATINHO,oi,,OI,,nova banda do ratinho,nan,SBT,Unificado SBT nov dez 23 e jan fev mar 24.xls
VERMELHO,LUZ/GIL FERRAZ/NATASHA PAIVA,vermelho,,VERMELHO,T-313.315.106-7,luz/gil ferraz/natasha paiva,t-313.315.106-7,SBT,Unificado SBT nov dez 23 e jan fev mar 24.xls
VERMELHO,LUZ/GIL FERRAZ/NATASHA PAIVA,vermelho,,VERMELHO,T-313.315.106-7,luz/gil ferraz/natasha paiva,t-313.315.106-7,SBT,Unificado SBT nov dez 23 e jan fev mar 24.xls
MACETANDO,IVETE SANGALO,macetando,,MACETANDO,T-318.000.000-0,ivete sangalo,t-318.000.000-0,SBT,Unificado SBT nov dez 23 e jan fev mar 24.xls
VERDADE,ZECA PAGODINHO,verdade,,VERDADE,T-302.003.913-4,zeca pagodinho,t-302.003.913-4,SBT,Unificado SBT nov dez 23 e jan fev mar 24.xls
VERDADE,ZECA PAGODINHO,verdade,,VERDADE,T-302.003.913-4,zeca pagodinho,t-302.003.913-4,SBT,Unificado SBT nov dez 23 e jan fev mar 24.xls
SÓ VOCÊ,BANDA SILVIO SANTOS,so voce,,SO VOCE,T-039.310.698-3,banda silvio santos,t-039.310.698-3,SBT,Unificado SBT nov dez 23 e jan fev mar 24.xls
LUA,PATRICIA/ BALÉ PSS,lua,,LUA,,patricia/ bale pss,nan,SBT,Unificado SBT nov dez 23 e jan fev mar 24.xls
ME CHAMA,LEANDRO LOURENÇO SALERNO,me chama,,ME CHAMA,T-311.953.645-3,leandro lourenco salerno,t-311.953.645-3,SBT,Unificado SBT nov dez 23 e jan fev mar 24.xls
PERIGO,LEANDRO LOURENÇO SALERNO,perigo,,PERIGO,T-301.572.557-8,leandro lourenco salerno,t-301.572.557-8,SBT,Unificado SBT nov dez 23 e jan fev mar 24.xls
PERIGO,LEANDRO LOURENÇO SALERNO,perigo,,PERIGO,T-302.809.006-0,leandro lourenco salerno,t-302.809.006-0,SBT,Unificado SBT nov dez 23 e jan fev mar 24.xls
PERIGO,LEANDRO LOURENÇO SALERNO,perigo,,PERIGO,T-301.572.557-8,leandro lourenco salerno,t-301.572.557-8,SBT,Unificado SBT nov dez 23 e jan fev mar 24.xls
PERIGO,LEANDRO LOURENÇO SALERNO,perigo,,PERIGO,T-302.809.006-0,leandro lourenco salerno,t-302.809.006-0,SBT,Unificado SBT nov dez 23 e jan fev mar 24.xls
SE JOGA,NALDO BENNY,se joga,,SE JOGA,T-931.480.187-1,naldo benny,t-931.480.187-1,SBT,Unificado SBT nov dez 23 e jan fev mar 24.xls
O MELHOR PRA MIM,ED CARLOS,o melhor pra mim,,O MELHOR PRA MIM,T-210.150.213-7,ed carlos,t-210.150.213-7,SBT,Unificado SBT nov dez 23 e jan fev mar 24.xls
O MELHOR PRA MIM,ED CARLOS,o melhor pra mim,,O MELHOR PRA MIM,T-210.150.213-7,ed carlos,t-210.150.213-7,SBT,Unificado SBT nov dez 23 e jan fev mar 24.xls
DIANA,ANTONIA,diana,,DIANA,,antonia,nan,SBT,Unificado SBT nov dez 23 e jan fev mar 24.xls
LIVRE,WANESSA CAMARGO,livre,,LIVRE,T-039.781.844-8,wanessa camargo,t-039.781.844-8,SBT,Unificado SBT nov dez 23 e jan fev mar 24.xls
LEVE,WANESSA CAMARGO E SANDY,leve,,LEVE,T-315.958.048-6,wanessa camargo e sandy,t-315.958.048-6,SBT,Unificado SBT nov dez 23 e jan fev mar 24.xls
LEVE,WANESSA CAMARGO E SANDY,leve,,LEVE,,wanessa camargo e sandy,nan,SBT,Unificado SBT nov dez 23 e jan fev mar 24.xls
LEVE,WANESSA CAMARGO E SANDY,leve,,LEVE,T-335.482.970-8,wanessa camargo e sandy,t-335.482.970-8,SBT,Unificado SBT nov dez 23 e jan fev mar 24.xls
LEVE,WANESSA CAMARGO E SANDY,leve,,LEVE,T-315.958.048-6,wanessa camargo e sandy,t-315.958.048-6,SBT,Unificado SBT nov dez 23 e jan fev mar 24.xls
LEVE,WANESSA CAMARGO E SANDY,leve,,LEVE,,wanessa camargo e sandy,nan,SBT,Unificado SBT nov dez 23 e jan fev mar 24.xls
LEVE,WANESSA CAMARGO E SANDY,leve,,LEVE,T-335.482.970-8,wanessa camargo e sandy,t-335.482.970-8,SBT,Unificado SBT nov dez 23 e jan fev mar 24.xls
ALELUIA,MIGUEL SOUZA,aleluia,,ALELUIA,,miguel souza,nan,SBT,Unificado SBT nov dez 23 e jan fev mar 24.xls
CONVITE,MARVVILA,convite,,CONVITE,T-303.015.344-3,marvvila,t-303.015.344-3,SBT,Unificado SBT nov dez 23 e jan fev mar 24.xls
SINAIS,SORRISO MAROTO,sinais,,SINAIS,T-039.662.232-4,sorriso maroto,t-039.662.232-4,SBT,Unificado SBT nov dez 23 e jan fev mar 24.xls
ELA,SORRISO MAROTO,ela,,ELA,T-322.696.235-8,sorriso maroto,t-322.696.235-8,SBT,Unificado SBT nov dez 23 e jan fev mar 24.xls
NA NA NA,COVER NOW UNITED,na na na,,NA NA NA,T-039.747.250-2,cover now united,t-039.747.250-2,SBT,Unificado SBT nov dez 23 e jan fev mar 24.xls
NA NA NA,AUDITORIO,na na na,,NA NA NA,T-039.747.250-2,auditorio,t-039.747.250-2,SBT,Unificado SBT nov dez 23 e jan fev mar 24.xls
VOCÊ DE VOLTA,BANDA SILVIO SANTOS,voce de volta,,VOCÊ DE VOLTA,T-306.926.961-6,banda silvio santos,t-306.926.961-6,SBT,Unificado SBT nov dez 23 e jan fev mar 24.xls
AQUELAS COISAS,JOÃO GOMES /TARCÍSIO DO ACORDEON,aquelas coisas,,AQUELAS COISAS,T-317.817.145-0,joao gomes /tarcisio do acordeon,t-317.817.145-0,SBT,Unificado SBT nov dez 23 e jan fev mar 24.xls
SAUDADE,FELIPE ARAÚJO E JOÃO REIS,saudade,,SAUDADE,T-306.509.964-7,felipe araujo e joao reis,t-306.509.964-7,SBT,Unificado SBT nov dez 23 e jan fev mar 24.xls
SAUDADE,FELIPE ARAÚJO E JOÃO REIS,saudade,,SAUDADE,T-039.751.632-3,felipe araujo e joao reis,t-039.751.632-3,SBT,Unificado SBT nov dez 23 e jan fev mar 24.xls
SAUDADE,FELIPE ARAÚJO E JOÃO REIS,saudade,,SAUDADE,,felipe araujo e joao reis,nan,SBT,Unificado SBT nov dez 23 e jan fev mar 24.xls
SAUDADE,FELIPE ARAÚJO E JOÃO REIS,saudade,,SAUDADE,T-305.264.938-0,felipe araujo e joao reis,t-305.264.938-0,SBT,Unificado SBT nov dez 23 e jan fev mar 24.xls
DESERTO,MARIANNY ALVES COELHO,deserto,,DESERTO,T-039.611.378-2,marianny alves coelho,t-039.611.378-2,SBT,Unificado SBT nov dez 23 e jan fev mar 24.xls
MACETANDO,IVETE SANGALO,macetando,,MACETANDO,T-318.000.000-0,ivete sangalo,t-318.000.000-0,SBT,Unificado SBT nov dez 23 e jan fev mar 24.xls
MORENA,LEANDRO LOURENÇO SALERNO,morena,,MORENA,,leandro lourenco salerno,nan,SBT,Unificado SBT nov dez 23 e jan fev mar 24.xls
MORENA,LEANDRO LOURENÇO SALERNO,morena,,MORENA,T-312.550.698-7,leandro lourenco salerno,t-312.550.698-7,SBT,Unificado SBT nov dez 23 e jan fev mar 24.xls
MORENA,LEANDRO LOURENÇO SALERNO,morena,,MORENA,,leandro lourenco salerno,nan,SBT,Unificado SBT nov dez 23 e jan fev mar 24.xls
MORENA,LEANDRO LOURENÇO SALERNO,morena,,MORENA,T-312.550.698-7,leandro lourenco salerno,t-312.550.698-7,SBT,Unificado SBT nov dez 23 e jan fev mar 24.xls
MORENA,LEANDRO LOURENÇO SALERNO,morena,,MORENA,,leandro lourenco salerno,nan,SBT,Unificado SBT nov dez 23 e jan fev mar 24.xls
MORENA,LEANDRO LOURENÇO SALERNO,morena,,MORENA,T-312.550.698-7,leandro lourenco salerno,t-312.550.698-7,SBT,Unificado SBT nov dez 23 e jan fev mar 24.xls
MORENA,LEANDRO LOURENÇO SALERNO,morena,,MORENA,,leandro lourenco salerno,nan,SBT,Unificado SBT nov dez 23 e jan fev mar 24.xls
MORENA,LEANDRO LOURENÇO SALERNO,morena,,MORENA,T-312.550.698-7,leandro lourenco salerno,t-312.550.698-7,SBT,Unificado SBT nov dez 23 e jan fev mar 24.xls
ACABOU,RICARDO CHAVES,acabou,,ACABOU,T-039.497.780-0,ricardo chaves,t-039.497.780-0,SBT,Unificado SBT nov dez 23 e jan fev mar 24.xls
DIANA,NOVA BANDA DO RATINHO,diana,,DIANA,,nova banda do ratinho,nan,SBT,Unificado SBT nov dez 23 e jan fev mar 24.xls
MINHA VIZINHA,MANOEL RODRIGUES,minha vizinha,,MINHA VIZINHA,,manoel rodrigues,nan,SBT,Unificado SBT nov dez 23 e jan fev mar 24.xls
OI,LÉO MAGALHÃES,oi,,OI,,leo magalhaes,nan,SBT,Unificado SBT nov dez 23 e jan fev mar 24.xls
24 HORAS,LÉO MAGALHÃES,24 horas,,24 HORAS,T-325.559.559-2,leo magalhaes,t-325.559.559-2,SBT,Unificado SBT nov dez 23 e jan fev mar 24.xls
FOGO,KARIN HILS,fogo,,FOGO,T-323.310.361-8,karin hils,t-323.310.361-8,SBT,Unificado SBT nov dez 23 e jan fev mar 24.xls
FOGO,KARIN HILS,fogo,,FOGO,T-323.310.361-8,karin hils,t-323.310.361-8,SBT,Unificado SBT nov dez 23 e jan fev mar 24.xls
FOGO,KARI HILS,fogo,,FOGO,T-323.310.361-8,kari hils,t-323.310.361-8,SBT,Unificado SBT nov dez 23 e jan fev mar 24.xls
FOGO,KARI HILS,fogo,,FOGO,T-323.310.361-8,kari hils,t-323.310.361-8,SBT,Unificado SBT nov dez 23 e jan fev mar 24.xls
DOMINGO,NOVA BANDA DO RATINHO,domingo,,DOMINGO,T-307.003.485-0,nova banda do ratinho,t-307.003.485-0,SBT,Unificado SBT nov dez 23 e jan fev mar 24.xls
DOMINGO,NOVA BANDA DO RATINHO,domingo,,DOMINGO,T-301.991.455-3,nova banda do ratinho,t-301.991.455-3,SBT,Unificado SBT nov dez 23 e jan fev mar 24.xls
DOMINGO,NOVA BANDA DO RATINHO,domingo,,DOMINGO,T-307.003.485-0,nova banda do ratinho,t-307.003.485-0,SBT,Unificado SBT nov dez 23 e jan fev mar 24.xls
DOMINGO,NOVA BANDA DO RATINHO,domingo,,DOMINGO,T-301.991.455-3,nova banda do ratinho,t-301.991.455-3,SBT,Unificado SBT nov dez 23 e jan fev mar 24.xls
PODEROSA,NATASCHA PIVA,poderosa,,PODEROSA,T-304.309.033-7,natascha piva,t-304.309.033-7,SBT,Unificado SBT nov dez 23 e jan fev mar 24.xls
VERMELHO,GLORIA GROOVE,vermelho,,VERMELHO,T-313.315.106-7,gloria groove,t-313.315.106-7,SBT,Unificado SBT nov dez 23 e jan fev mar 24.xls
VERMELHO,GLORIA GROOVE,vermelho,,VERMELHO,T-313.315.106-7,gloria groove,t-313.315.106-7,SBT,Unificado SBT nov dez 23 e jan fev mar 24.xls
MALVADA,LUCAS GUEDEZ,malvada,,MALVADA,T-303.019.880-8,lucas guedez,t-303.019.880-8,SBT,Unificado SBT nov dez 23 e jan fev mar 24.xls
MALVADA,LUCAS GUEDEZ,malvada,,MALVADA,,lucas guedez,nan,SBT,Unificado SBT nov dez 23 e jan fev mar 24.xls
MALVADA,LUCAS GUEDEZ,malvada,,MALVADA,T-303.019.880-8,lucas guedez,t-303.019.880-8,SBT,Unificado SBT nov dez 23 e jan fev mar 24.xls
MALVADA,LUCAS GUEDEZ,malvada,,MALVADA,,lucas guedez,nan,SBT,Unificado SBT nov dez 23 e jan fev mar 24.xls
DEIXE QUEIMAR,HENRIQUE MENDONÇA,deixe queimar,,DEIXE QUEIMAR,T-327.329.814-5,henrique mendonca,t-327.329.814-5,SBT,Unificado SBT nov dez 23 e jan fev mar 24.xls
BALMAIN,MC DANIEL,balmain,,BALMAIN,,mc daniel,nan,SBT,Unificado SBT nov dez 23 e jan fev mar 24.xls
SE JOGA,NALDO,se joga,,SE JOGA,T-931.480.187-1,naldo,t-931.480.187-1,SBT,Unificado SBT nov dez 23 e jan fev mar 24.xls
ME APAIXONEI,MARCOS E BELUTTI,me apaixonei,,ME APAIXONEI,T-305.220.107-3,marcos e belutti,t-305.220.107-3,SBT,Unificado SBT nov dez 23 e jan fev mar 24.xls
CASA DE CABOCLO,RICK E RENNER,casa de caboclo,,CASA DE CABOCLO,,rick e renner,nan,SBT,Unificado SBT nov dez 23 e jan fev mar 24.xls
CASA DE CABOCLO,RICK E RENNER,casa de caboclo,,CASA DE CABOCLO,,rick e renner,nan,SBT,Unificado SBT nov dez 23 e jan fev mar 24.xls
MORENA,LUAN SANTANA,morena,,MORENA,,luan santana,nan,SBT,Unificado SBT nov dez 23 e jan fev mar 24.xls
MORENA,LUAN SANTANA,morena,,MORENA,T-312.550.698-7,luan santana,t-312.550.698-7,SBT,Unificado SBT nov dez 23 e jan fev mar 24.xls
MORENA,LUAN SANTANA,morena,,MORENA,,luan santana,nan,SBT,Unificado SBT nov dez 23 e jan fev mar 24.xls
MORENA,LUAN SANTANA,morena,,MORENA,T-312.550.698-7,luan santana,t-312.550.698-7,SBT,Unificado SBT nov dez 23 e jan fev mar 24.xls
SE JOGA,NALDO BENNY,se joga,,SE JOGA,T-931.480.187-1,naldo benny,t-931.480.187-1,SBT,Unificado SBT nov dez 23 e jan fev mar 24.xls
VERMELHO,GLORIA GROOVE,vermelho,,VERMELHO,T-313.315.106-7,gloria groove,t-313.315.106-7,SBT,Unificado SBT nov dez 23 e jan fev mar 24.xls
TETO DE VIDRO,LEANDRO LOURENÇO SALERNO,teto de vidro,,TETO DE VIDRO,T-321.537.364-7,leandro lourenco salerno,t-321.537.364-7,SBT,Unificado SBT nov dez 23 e jan fev mar 24.xls
FELICIDADE,DJMIRORIZZO,felicidade,,FELICIDADE,,djmirorizzo,nan,SBT,Unificado SBT nov dez 23 e jan fev mar 24.xls
FELICIDADE,DJMIRORIZZO,felicidade,,FELICIDADE,,djmirorizzo,nan,SBT,Unificado SBT nov dez 23 e jan fev mar 24.xls
FELICIDADE,DJMIRORIZZO,felicidade,,FELICIDADE,,djmirorizzo,nan,SBT,Unificado SBT nov dez 23 e jan fev mar 24.xls
DEJA VU,LILI BEY,deja vu,,DÉJÀ VU,T-308.187.765-4,lili bey,t-308.187.765-4,SBT,Unificado SBT nov dez 23 e jan fev mar 24.xls
DEJA VU,LILI BEY,deja vu,,DÉJÀ VU,T-308.187.765-4,lili bey,t-308.187.765-4,SBT,Unificado SBT nov dez 23 e jan fev mar 24.xls
DEJA VU,LILI BEY,deja vu,,DÉJÀ VU,T-308.187.765-4,lili bey,t-308.187.765-4,SBT,Unificado SBT nov dez 23 e jan fev mar 24.xls
LISTEN,LILI BEY,listen,,LISTEN,,lili bey,nan,SBT,Unificado SBT nov dez 23 e jan fev mar 24.xls
LISTEN,LILI BEY,listen,,LISTEN,,lili bey,nan,SBT,Unificado SBT nov dez 23 e jan fev mar 24.xls
BRISA,BALÉ PROGRAMA SILVIO SANTOS,brisa,,BRISA,T-315.799.145-8,bale programa silvio santos,t-315.799.145-8,SBT,Unificado SBT nov dez 23 e jan fev mar 24.xls
BRISA,BALÉ PROGRAMA SILVIO SANTOS,brisa,,BRISA,T-316.180.981-6,bale programa silvio santos,t-316.180.981-6,SBT,Unificado SBT nov dez 23 e jan fev mar 24.xls
BRISA,BALÉ PROGRAMA SILVIO SANTOS,brisa,,BRISA,T-326.766.166-1,bale programa silvio santos,t-326.766.166-1,SBT,Unificado SBT nov dez 23 e jan fev mar 24.xls
BRISA,BALÉ PROGRAMA SILVIO SANTOS,brisa,,BRISA,T-315.799.145-8,bale programa silvio santos,t-315.799.145-8,SBT,Unificado SBT nov dez 23 e jan fev mar 24.xls
BRISA,BALÉ PROGRAMA SILVIO SANTOS,brisa,,BRISA,T-316.180.981-6,bale programa silvio santos,t-316.180.981-6,SBT,Unificado SBT nov dez 23 e jan fev mar 24.xls
BRISA,BALÉ PROGRAMA SILVIO SANTOS,brisa,,BRISA,T-326.766.166-1,bale programa silvio santos,t-326.766.166-1,SBT,Unificado SBT nov dez 23 e jan fev mar 24.xls
SÓ VOCÊ,FABIO JUNIOR,so voce,,SO VOCE,T-039.310.698-3,fabio junior,t-039.310.698-3,SBT,Unificado SBT nov dez 23 e jan fev mar 24.xls
FLY AWAY,ULTRAJE A RIGOR,fly away,,FLY AWAY,T-040.081.805-4,ultraje a rigor,t-040.081.805-4,SBT,Unificado SBT nov dez 23 e jan fev mar 24.xls
FLY AWAY,ULTRAJE A RIGOR,fly away,,FLY AWAY,T-312.560.962-9,ultraje a rigor,t-312.560.962-9,SBT,Unificado SBT nov dez 23 e jan fev mar 24.xls
ERA UMA VEZ,LARA E KELL SMITH,era uma vez,,ERA UMA VEZ,,lara e kell smith,nan,SBT,Unificado SBT nov dez 23 e jan fev mar 24.xls
ESSE CARA SOU EU,FABIANO JUFFU,esse cara sou eu,,ESSE CARA SOU EU,T-327.279.701-6,fabiano juffu,t-327.279.701-6,SBT,Unificado SBT nov dez 23 e jan fev mar 24.xls
MALVADA,LUCAS GUEDEZ,malvada,,MALVADA,T-303.019.880-8,lucas guedez,t-303.019.880-8,SBT,Unificado SBT nov dez 23 e jan fev mar 24.xls
MALVADA,LUCAS GUEDEZ,malvada,,MALVADA,,lucas guedez,nan,SBT,Unificado SBT nov dez 23 e jan fev mar 24.xls
MALVADA,LUCAS GUEDEZ,malvada,,MALVADA,T-303.019.880-8,lucas guedez,t-303.019.880-8,SBT,Unificado SBT nov dez 23 e jan fev mar 24.xls
MALVADA,LUCAS GUEDEZ,malvada,,MALVADA,,lucas guedez,nan,SBT,Unificado SBT nov dez 23 e jan fev mar 24.xls
DEIXE QUEIMAR,HENRIQUE MENDONÇA,deixe queimar,,DEIXE QUEIMAR,T-327.329.814-5,henrique mendonca,t-327.329.814-5,SBT,Unificado SBT nov dez 23 e jan fev mar 24.xls
BALMAIN,MC DANIEL,balmain,,BALMAIN,,mc daniel,nan,SBT,Unificado SBT nov dez 23 e jan fev mar 24.xls
Mídia,,midia,,MIDIA,MIDIA HITS LTDA,none,midia hits ltda,Globoplay,Relatorio_Globoplay_Jan24.xlsx
FRIO E CALCULISTA,SANY PITBUL,frio e calculista,,FRIO E CALCULISTA,T-334.365.101-0,sany pitbul,t-334.365.101-0,Globoplay,MusicCueSheet_OriginaisGloboplay_Outubro2023.xlsx
Mídia,,midia,,MIDIA,MIDIA HITS LTDA,none,midia hits ltda,Globoplay,Ubem_RelatórioGloboplay_Fev24.xlsx
