provider,file,sheet,total_rows,title_rows,author_rows,eligible_artist_rows,publisher_alias_rows,iswc_rows,isrc_rows
Aparecida,01-JAN2024-SINCRONIZACAO MUSICAL-TV APARECIDA.xlsx,Sincronização Musical,379,271,9,9,0,0,0
Aparecida,03-MAR2024-SINCRONIZACAO MUSICAL-TV APARECIDA.xlsx,Sincronização Musical,408,324,19,19,0,0,0
Aparecida,12-DEZ2023-SINCRONIZACAO MUSICAL-TV APARECIDA.xlsx,Sincronização Musical,515,392,12,14,0,0,0
Band,Relatorio_UBEM band out2023.xls,Relatorio_UBEM,50,4,0,0,0,0,0
Band,Relatório_UBEM_TV_Bandeirantes_Dezembro2024.xlsx,Relatorio_UBEM,329,7,14,16,0,0,0
Band,Relatório_UBEM_TV_Bandeirantes_Dezembro2024_MelhorDaNoite.xlsx,Relatorio_UBEM,403,16,7,7,0,0,0
Band,Relatório_UBEM_TV_Bandeirantes_Fevereiro2024.xls,Relatorio_UBEM,1024,69,35,41,0,0,0
Band,Relatório_UBEM_TV_Bandeirantes_Janeiro2024.xls,Relatorio_UBEM,878,30,14,20,0,0,0
Band,band UNIFICADO out dez 2023 jan fev 2024.xls,Relatorio_UBEM,2563,126,70,84,0,0,0
Canal Brasil,Relatorio_CanalBrasil_Jan24.xlsx,CanalBrasil_Janeiro24,232,223,6,19,0,0,0
Canal Brasil,Ubem_CanalBrasil_Fev24 (1).xlsx,CanalBrasil_Fevereiro24,276,273,4,77,0,0,0
Canal Brasil,Ubem_CanalBrasil_Março24 (1).xlsx,Relatório UBEM - Canal Brasil,394,390,11,160,0,0,0
Desconhecido,Ubem_MusicCueSheet_OriginaisGloboplay_Janeiro24.xlsx,MusicCueSheet_Globoplay_Jan24,77,44,33,34,0,0,32
Globo,MusicCueSheet_TvAberta_Agosto2023.xlsx,MusicCueSheet_Agosto23,1505,370,183,185,0,0,0
Globo,MusicCueSheet_TvAberta_Outubro2023.xlsx,MusicCueSheet_TvAberta_Out23,1307,323,220,222,0,0,0
Globo,Relatorio_CanaisGlobo__Jan24.xlsx,CanaisGlobo_Janeiro24,10987,9670,634,847,1,0,0
Globo,Ubem_CanaisGlobo_Março24.xlsx,Relatório UBEM - Canais Globo,9144,6866,876,2636,0,0,0
Globo,Ubem_MusicCueSheet_OriginaisGloboplay_Janeiro24.xlsx,MusicCueSheet_Globoplay_Jan24,77,44,33,34,0,0,32
Globo,Ubem_MusicCueSheet_OriginaisGloboplay_Novembro23.xlsx,MusicCueSheet_Globoplay_Nov23,129,38,17,18,0,0,25
Globo,Ubem_RelatórioGlobo_FEV24.xlsx,CanaisGlobo_Fevereiro24,8878,6641,394,2299,1,0,0
Globo,CanalBrasil_Dezembro2023.xlsx,CanalBrasil_Dezembro2023,372,175,3,8,0,0,0
Globo,CanalInternacional_Dezembro2023.xlsx,CanalInternacional_Dezembro2023,327,110,111,112,0,0,0
Globo,CanalViva_Dezembro2023.xlsx,CanalViva_Dezembro2023,1504,531,418,418,0,0,0
Globo,ConsolidadoClipes_Dezembro2023.xlsx,ConsolidadoClipes_Dez23,1654,138,71,79,0,0,0
Globo,ConsolidadoDiversos_Dezembro2023.xlsx,ConsolidadoDiversos_Dezembro23,9056,8047,328,595,0,0,0
Globo,Globonews_Dezembro2023.xlsx,Globonews_Dezembro2023,222,91,92,92,0,0,0
Globo,Globoplay_NovelasDeAcervo_Dezembro2023.xlsx,NovelasAcervo_Globoplay_Dez23,186,126,59,60,0,0,0
Globo,Sportv_Dezembro2023.xlsx,Sportv_Dezembro2023,22,7,6,6,0,0,0
Globo,TvAberta_Dezembro2023.xlsx,TvAberta_Dezembro2023,3848,1173,1354,1362,0,0,0
Globo,CanalBrasil_Novembro2023.xlsx,CanalBrasil_Novembro2023,110,105,2,3,0,0,0
Globo,CanalInternacional_Novembro2023.xlsx,CanalInternacional_Novembro2023,218,62,53,53,0,0,0
Globo,CanalViva_Novembro2023.xlsx,CanalViva_Novembro2023,1474,479,387,387,0,0,0
Globo,ConsolidadoClipes_Novembro.xlsx,ConsolidadoClipes_Nov2023,1415,98,36,39,0,0,0
Globo,ConsolidadoDiversos_Novembro2023.xlsx,TvFechada_Novembro2023,9222,7446,327,536,0,0,0
Globo,Globonews_Novembro2023.xlsx,Globonews_Novembro2023,42,20,26,26,0,0,0
Globo,NovelasAcervo_Novembro2023.xlsx,Globoplay_Novembro2023,153,137,63,63,0,0,0
Globo,Sportv_Novembro2023.xlsx,Sportv_Novembro2023,18,2,2,2,0,0,0
Globo,TvAberta_Novembro2023.xlsx,TvAberta_Novembro2023,3161,1091,1137,1150,0,0,0
Globoplay,MusicCueSheet_OriginaisGloboplay_Outubro2023.xlsx,MusicCueSheet_Globoplay_Out2023,412,265,2,2,0,0,4
Globoplay,Relatorio_Globoplay_Jan24.xlsx,Globoplay_Janeiro24,384,138,39,39,0,0,0
Globoplay,Ubem_RelatórioGloboplay_Fev24.xlsx,Globoplay_Fevereiro24,32,29,3,3,0,0,0
SBT,01. Solicitação janeiro 2024.xls,Relatório Solicitação,1281,1236,18,346,0,0,0
SBT,02. Solicitação fevereiro 2024.xls,Relatório Solicitação,1281,611,13,326,0,0,0
SBT,11. Solicitação novembro 2023.xls,Relatório Solicitação,856,44,11,226,0,0,0
SBT,12. Solicitação dezembro 2023.xls,Relatório Solicitação,775,117,6,177,0,0,0
SBT,3. Solicitação Março 2024.xls,Relatório Solicitação,918,145,29,235,0,0,0
SBT,Unificado SBT nov dez 23 e jan fev mar 24.xls,Relatório Solicitação,5096,2153,77,1310,0,0,0
Ubem Shark.xlsx,Ubem Shark.xlsx,Controle,61,0,0,0,0,0,0
Ubem Shark.xlsx,Ubem Shark.xlsx,Página1,24,0,0,0,0,0,0
Canal Brasil,CanalBrasil unificado Jan fev mar24 dez 2023.xlsx,CanalBrasil_Janeiro24,1257,1057,21,261,0,0,0
Clipes,Clipes Unificados_nov Dez 2023.xlsx,ConsolidadoDiversos_Dezembro23,21439,15719,764,1251,0,0,0
Globo,Globo MusicCueSheet meses 08 10 11 de 2023 e 01 de 2024.xlsx,MusicCueSheet_TvAberta_Out23,4325,1098,673,681,0,0,57
Globo,Globo Unificado nov dez2023.xlsx,CanalInternacional_Dezembro2023,11131,3782,3607,3630,0,0,0
SBT,SBT Unificado  nov dez 23 e jan fev mar 24.xlsx,Relatório Solicitação,5096,2153,77,1310,0,0,0
Aparecida,Tv Aparecida Unificado  Dez 2023 jan mar 2024.xlsx,Sincronização Musical,1298,984,40,42,0,0,0
Band,band UNIFICADO out dez 2023 jan fev 2024.xlsx,Relatorio_UBEM,2563,126,70,84,0,0,0
