EDITORA,PROGRAMA,NÚMERO PROGRAMA,EXIBIÇÃO (GRAVADO OU REPRISE),"CATEGORIA DO PROGRAMA (PROGRAMA, NOVELA)",DATA DE EXIBIÇÃO,NOME DA MÚSICA,AUTOR,INTERPRETE,TIPO DE SINCRONIZAÇÃO,PERCENTUAL A PAGAR - EDITORA,VALOR A PAGAR - EDITORA,uncertain_match,Matched Title,Matched Identifier/ISWC,Uncertain Match,Eligibility Basis,__source_sheet
DIVERSAS,ESPECIAL NATAL CIRCO,1,GRAVADO,PROGRAMA,25/12/2023,TEMPO DE ALEGRIA,Costa Silva Filipe / De Sant Anna Carlos Magno / Santos Neilton Cerqueira Dos,IVETE SANGALO,PERFORMANCE,100.00%,"799,71",,,,True,artist_alias,Relatório Solicitação
UNIVERSAL MUSIC PUBLISHING MGB BRASIL LTDA,PROGRAMA DO RATINHO,3457,GRAVADO,PROGRAMA,25/12/2023,O HOMEM DE NAZARETH,JOAO PEREIRA DE SA,MANÉ,PERFORMANCE,100.00%,"799,71",,,,True,artist_alias,Relatório Solicitação
UNIVERSAL MUSIC PUBLISHING MGB BRASIL LTDA,PROGRAMA DO RATINHO,3457,GRAVADO,PROGRAMA,25/12/2023,O HOMEM DE NAZARETH,JOAO PEREIRA DE SA,GUILHERME,PERFORMANCE,100.00%,"799,71",,,,True,artist_alias,Relatório Solicitação
DIVERSAS,PROGRAMA SILVIO SANTOS,809,GRAVADO,PROGRAMA,17/12/2023,OMBRIM,MARINA SENA,MARINA SENA,FUNDO MUSICAL,100.00%,"1599,43",,,,True,artist_alias,Relatório Solicitação
DIVERSAS,ELIANA,738,GRAVADO,PROGRAMA,12/11/2023,PROMETIDA,BR OZ,ANDRÉ,PERFORMANCE,100.00%,"799,71",,,,True,artist_alias,Relatório Solicitação
DIVERSAS,ELIANA,739,GRAVADO,PROGRAMA,19/11/2023,NADA MAIS,RONALDO BASTOS RIBEIRO / STEVLAND MORRIS,MARINA SENA,PERFORMANCE,66.66%,"533,09",,,,True,artist_alias,Relatório Solicitação
SONY MUSIC PUBLISHING (BRASIL) EDIÇÕES MUSICAIS LTDA,ELIANA,739,GRAVADO,PROGRAMA,19/11/2023,NADA MAIS,RONALDO BASTOS RIBEIRO / STEVLAND MORRIS,MARINA SENA,PERFORMANCE,33.34%,"266,62",,,,True,artist_alias,Relatório Solicitação
DIVERSAS,ELIANA,739,GRAVADO,PROGRAMA,19/11/2023,OMBRIM,MARINA SENA,MARINA SENA,PERFORMANCE,100.00%,"799,71",,,,True,artist_alias,Relatório Solicitação
IESSI MUSIC LABEL LTDA,PROGRAMA SILVIO SANTOS,805,GRAVADO,PROGRAMA,12/11/2023,TEMPO DE ALEGRIA,GIGI / FILIPE ESCANDURRAS / MAGNO SANT ANNA,IVETE SANGALO,FUNDO MUSICAL,100.00%,"1599,43",,,,True,artist_alias,Relatório Solicitação
DIVERSAS,THE NOITE,2456,GRAVADO,PROGRAMA,23/11/2023,NOVO BALANÇO,ANDRENAGALLIDE OLIVEIRA / MATHEUS MENDES DE ABREU / PEDRO GALVAO DE OLIVEIRA BUGARIB / THIAGO VEIGH DA SILVA,VEIGH,PERFORMANCE,75.00%,"599,78",,,,True,artist_alias,Relatório Solicitação
BMG RIGHTS MANAGEMENT BRASIL LTDA,THE NOITE,2456,GRAVADO,PROGRAMA,23/11/2023,NOVO BALANÇO,ANDRENAGALLIDE OLIVEIRA / MATHEUS MENDES DE ABREU / PEDRO GALVAO DE OLIVEIRA BUGARIB / THIAGO VEIGH DA SILVA,VEIGH,PERFORMANCE,25.00%,"199,93",,,,True,artist_alias,Relatório Solicitação
BMG RIGHTS MANAGEMENT BRASIL LTDA,THE NOITE,2456,GRAVADO,PROGRAMA,23/11/2023,ENGANA DIZENDO QUE AMA,MATHEUS DE ARAUJO SANTOS / MATHEUS MENDES DE ABREU / PEDRO GALVAO DE OLIVEIRA BUGARIB / PEDRO TOLEDO NATALINI / THIAGO VEIGH DA SILVA / ANDRE NAGALLI DE OLIVEIRA,VEIGH,PERFORMANCE,100.00%,"799,71",,,,True,artist_alias,Relatório Solicitação
PEERMUSIC DO BRASIL EDIÇÕES MUSICAIS LTDA,PROGRAMA SILVIO SANTOS,806,GRAVADO,PROGRAMA,19/11/2023,EVA,GIANCARLO BIGAZZI / BRUNO CICARELLI / UMBERTO TOZZI,IVETE SANGALO,FUNDO MUSICAL,100.00%,"1599,43",,,,True,artist_alias,Relatório Solicitação
IESSI MUSIC LABEL LTDA,THE NOITE (REPRISE),649,REPRISE,PROGRAMA,30/03/2024,FLOR DE REGGAE,IVETE SANGALO / FABINHO OBRIAN,IVETE SANGALO,PERFORMANCE,100.00%,390.96,,,,True,artist_alias,Relatório Solicitação
IESSI MUSIC LABEL LTDA,THE NOITE (REPRISE),649,REPRISE,PROGRAMA,30/03/2024,SEUS PLANOS,IVETE SANGALO / GIGI,IVETE SANGALO,PERFORMANCE,100.00%,390.96,,,,True,artist_alias,Relatório Solicitação
UNIVERSAL MUSIC PUBLISHING MGB BRASIL LTDA,PROGRAMA SILVIO SANTOS,825,GRAVADO,PROGRAMA,31/03/2024,OH MEU DEUS,JOSE TIAGO SABINO PEREIRA / RENAN,PROJOTA,FUNDO MUSICAL,50.00%,836.66,,,,True,artist_alias,Relatório Solicitação
DUETO EDIÇÕES MUSICAIS LTDA.,PROGRAMA SILVIO SANTOS,825,GRAVADO,PROGRAMA,31/03/2024,OH MEU DEUS,JOSE TIAGO SABINO PEREIRA / RENAN,PROJOTA,FUNDO MUSICAL,50.00%,836.66,,,,True,artist_alias,Relatório Solicitação
DIVERSAS,DOMINGO LEGAL,1572,GRAVADO,PROGRAMA,03/03/2024,PEGA FOGO CABARÉ,Jesus Rivanil Cirino De / MATOS EVERTON DOMINGOS DE / Santos Jairo Alves Dos,LEONARDO,FUNDO MUSICAL,100.00%,1673.31,,,,True,artist_alias,Relatório Solicitação
DIVERSAS,DOMINGO LEGAL,1572,GRAVADO,PROGRAMA,03/03/2024,PEGA FOGO CABARÉ,Jesus Rivanil Cirino De / MATOS EVERTON DOMINGOS DE / Santos Jairo Alves Dos,LEONARDO,FUNDO MUSICAL,100.00%,1673.31,,,,True,artist_alias,Relatório Solicitação
DIVERSAS,DOMINGO LEGAL,1575,GRAVADO,PROGRAMA,17/03/2024,MILHIANOS - AO VIVO,Vinny Peres / EDU MOURA / FELIPE OLIVER / Rafa Almeida,RAFA ALMEIDA,PERFORMANCE,100.00%,836.65,,,,True,artist_alias,Relatório Solicitação
DIVERSAS,DOMINGO LEGAL,1575,GRAVADO,PROGRAMA,17/03/2024,MILHIANOS - AO VIVO,Vinny Peres / EDU MOURA / FELIPE OLIVER / Rafa Almeida,RAFA ALMEIDA,FUNDO MUSICAL,100.00%,1673.31,,,,True,artist_alias,Relatório Solicitação
UNIVERSAL MUSIC PUBLISHING MGB BRASIL LTDA,ELIANA (REPRISE),755,REPRISE,PROGRAMA,10/03/2024,PORTA DO TEU PRÉDIO,DEKO / TALES DE POLLI / TERCIO DE POLLI,MANEVA,PERFORMANCE,100.00%,390.96,,,,True,artist_alias,Relatório Solicitação
BMG RIGHTS MANAGEMENT BRASIL LTDA,CIRCO DO TIRU,1,GRAVADO,PROGRAMA,16/03/2024,AMERICANA NA VAQUEJADA,ANTONIO MENDES ALVES / BRUNO HENRIQUE SANTOS DA SILVA / ERLANDERSON MATOS PEREIRA SILVA,NATTAN,PERFORMANCE,17.00%,142.23,,,,True,artist_alias,Relatório Solicitação
DIVERSAS,CIRCO DO TIRU,1,GRAVADO,PROGRAMA,16/03/2024,AMERICANA NA VAQUEJADA,ANTONIO MENDES ALVES / BRUNO HENRIQUE SANTOS DA SILVA / ERLANDERSON MATOS PEREIRA SILVA,NATTAN,PERFORMANCE,83.00%,694.42,,,,True,artist_alias,Relatório Solicitação
DIVERSAS,A PRAÇA É NOSSA,1764,GRAVADO,PROGRAMA,01/03/2024,TEMPO DE ALEGRIA,Costa Silva Filipe / De Sant Anna Carlos Magno / Santos Neilton Cerqueira Dos,IVETE SANGALO,FUNDO MUSICAL,100.00%,1673.31,,,,True,artist_alias,Relatório Solicitação
DIVERSAS,PROGRAMA SILVIO SANTOS,823,GRAVADO,PROGRAMA,17/03/2024,TÁ OK,DE LIMA GOMES DENNISON / MC KEVIN O CHRIS,KEVIN O CHRIS,FUNDO MUSICAL,100.00%,1673.31,,,,True,artist_alias,Relatório Solicitação
BMG RIGHTS MANAGEMENT BRASIL LTDA,PROGRAMA SILVIO SANTOS,823,GRAVADO,PROGRAMA,17/03/2024,TEM CABARÉ ESSA NOITE,D LESLY D LORA / FLAVINHO DO KADET / GEOFFREY ROYCE ROJAS / JAQUEZ JONATHAN,NATTAN,FUNDO MUSICAL,20.00%,334.66,,,,True,artist_alias,Relatório Solicitação
PEERMUSIC DO BRASIL EDIÇÕES MUSICAIS LTDA,PROGRAMA SILVIO SANTOS,823,GRAVADO,PROGRAMA,17/03/2024,TEM CABARÉ ESSA NOITE,D LESLY D LORA / FLAVINHO DO KADET / GEOFFREY ROYCE ROJAS / JAQUEZ JONATHAN,NATTAN,FUNDO MUSICAL,40.00%,669.32,,,,True,artist_alias,Relatório Solicitação
WARNER CHAPPELL EDIÇÕES MUSICAIS LTDA,PROGRAMA SILVIO SANTOS,823,GRAVADO,PROGRAMA,17/03/2024,TEM CABARÉ ESSA NOITE,D LESLY D LORA / FLAVINHO DO KADET / GEOFFREY ROYCE ROJAS / JAQUEZ JONATHAN,NATTAN,FUNDO MUSICAL,40.00%,669.32,,,,True,artist_alias,Relatório Solicitação
BMG RIGHTS MANAGEMENT BRASIL LTDA,PROGRAMA SILVIO SANTOS,823,GRAVADO,PROGRAMA,17/03/2024,TEM CABARÉ ESSA NOITE,D LESLY D LORA / FLAVINHO DO KADET / GEOFFREY ROYCE ROJAS / JAQUEZ JONATHAN,NATTAN,PERFORMANCE,20.00%,167.33,,,,True,artist_alias,Relatório Solicitação
PEERMUSIC DO BRASIL EDIÇÕES MUSICAIS LTDA,PROGRAMA SILVIO SANTOS,823,GRAVADO,PROGRAMA,17/03/2024,TEM CABARÉ ESSA NOITE,D LESLY D LORA / FLAVINHO DO KADET / GEOFFREY ROYCE ROJAS / JAQUEZ JONATHAN,NATTAN,PERFORMANCE,40.00%,334.66,,,,True,artist_alias,Relatório Solicitação
WARNER CHAPPELL EDIÇÕES MUSICAIS LTDA,PROGRAMA SILVIO SANTOS,823,GRAVADO,PROGRAMA,17/03/2024,TEM CABARÉ ESSA NOITE,D LESLY D LORA / FLAVINHO DO KADET / GEOFFREY ROYCE ROJAS / JAQUEZ JONATHAN,NATTAN,PERFORMANCE,40.00%,334.66,,,,True,artist_alias,Relatório Solicitação
IESSI MUSIC LABEL LTDA,PROGRAMA SILVIO SANTOS,824,GRAVADO,PROGRAMA,24/03/2024,FLOR DO REGGAE,IVETE SANGALO / GIGI / FABINHO O BRIAN,IVETE SANGALO,FUNDO MUSICAL,100.00%,1673.31,,,,True,artist_alias,Relatório Solicitação
PEERMUSIC DO BRASIL EDIÇÕES MUSICAIS LTDA,PROGRAMA SILVIO SANTOS,822,GRAVADO,PROGRAMA,10/03/2024,A GENTE SE ENTREGA,JUVENIL JOSE DE LACERDA,NATTAN,FUNDO MUSICAL,100.00%,1673.31,,,,True,artist_alias,Relatório Solicitação
DIVERSAS,ELIANA (REPRISE),758,REPRISE,PROGRAMA,31/03/2024,PROMETIDA,CARLOS ALBERTO VIVES / RICARDO BONADIO,ANDRÉ,PERFORMANCE,100.00%,390.96,,,,True,artist_alias,Relatório Solicitação
UNIVERSAL MUSIC PUBLISHING MGB BRASIL LTDA,PROGRAMA SILVIO SANTOS,818,GRAVADO,PROGRAMA,11/02/2024,ARERÊ,GILSON BABILONIA / CARLOS ALAIN / TAVARES DA SILVA,IVETE SANGALO,FUNDO MUSICAL,50.00%,"836,66",,,,True,artist_alias,Relatório Solicitação
SONY MUSIC PUBLISHING (BRASIL) EDIÇÕES MUSICAIS LTDA,PROGRAMA SILVIO SANTOS,818,GRAVADO,PROGRAMA,11/02/2024,ARERÊ,GILSON BABILONIA / CARLOS ALAIN / TAVARES DA SILVA,IVETE SANGALO,FUNDO MUSICAL,50.00%,"836,66",,,,True,artist_alias,Relatório Solicitação
SONY MUSIC PUBLISHING (BRASIL) EDIÇÕES MUSICAIS LTDA,PROGRAMA SILVIO SANTOS,819,GRAVADO,PROGRAMA,18/02/2024,ABALOU,NILTON CERQUEIRA SANTOS,IVETE SANGALO,FUNDO MUSICAL,100.00%,"1673,31",,,,True,artist_alias,Relatório Solicitação
L.O.S PRODUÇÕES E PROMOÇÕES ARTÍSTICAS LTDA,PROGRAMA SILVIO SANTOS,819,GRAVADO,PROGRAMA,18/02/2024,SORTE GRANDE (POEIRA),LOURENCO,IVETE SANGALO,FUNDO MUSICAL,100.00%,"1673,31",,,,True,artist_alias,Relatório Solicitação
UNIVERSAL MUSIC PUBLISHING MGB BRASIL LTDA,THE NOITE (REPRISE),2509,REPRISE,PROGRAMA,06/02/2024,BORBULHAS DE AMOR,JUAN LUIS GUERRA / JOSE DE RIBAMAR FERREIRA,FAGNER,FUNDO MUSICAL,100.00%,"781,92",,,,True,artist_alias,Relatório Solicitação
DIVERSAS,PROGRAMA SILVIO SANTOS (REPRISE),791,REPRISE,PROGRAMA,21/01/2024,LET'S GO 3,DAVI JOSE XAVIER PAIVA / GABRIEL PORTO DOS SANTOS / GUILHERME SERGIO RAMOS DE SOUZA / LUCAS COSTA DOS SANTOS / MAKALO / PAULO ALEXANDRE MARQUES SANTOS / PEDRO HENRIQUE DE OLIVEIRA ROCHA / RYAN SANTANA DOS SANTOS,MC RYAN SP,FUNDO MUSICAL,37.50%,293.22,,,,True,artist_alias,Relatório Solicitação
SONY MUSIC PUBLISHING (BRASIL) EDIÇÕES MUSICAIS LTDA,PROGRAMA SILVIO SANTOS (REPRISE),791,REPRISE,PROGRAMA,21/01/2024,LET'S GO 3,DAVI JOSE XAVIER PAIVA / GABRIEL PORTO DOS SANTOS / GUILHERME SERGIO RAMOS DE SOUZA / LUCAS COSTA DOS SANTOS / MAKALO / PAULO ALEXANDRE MARQUES SANTOS / PEDRO HENRIQUE DE OLIVEIRA ROCHA / RYAN SANTANA DOS SANTOS,MC RYAN SP,FUNDO MUSICAL,62.50%,488.7,,,,True,artist_alias,Relatório Solicitação
DIVERSAS,PROGRAMA SILVIO SANTOS (REPRISE),791,REPRISE,PROGRAMA,21/01/2024,FELINA,LIMA VINICIUS WILLIAM SALES DE / MC 2N SP / OLDILLA,MC RYAN SP,PERFORMANCE,66.67%,260.65,,,,True,artist_alias,Relatório Solicitação
WARNER CHAPPELL EDIÇÕES MUSICAIS LTDA,PROGRAMA SILVIO SANTOS (REPRISE),791,REPRISE,PROGRAMA,21/01/2024,FELINA,LIMA VINICIUS WILLIAM SALES DE / MC 2N SP / OLDILLA,MC RYAN SP,PERFORMANCE,33.33%,130.31,,,,True,artist_alias,Relatório Solicitação
IESSI MUSIC LABEL LTDA,PROGRAMA SILVIO SANTOS (REPRISE),790,REPRISE,PROGRAMA,21/01/2024,TEMPO DE ALEGRIA,GIGI / FILIPE ESCANDURRAS / MAGNO SANT ANNA,IVETE SANGALO,FUNDO MUSICAL,100.00%,781.92,,,,True,artist_alias,Relatório Solicitação
UNIVERSAL MUSIC PUBLISHING MGB BRASIL LTDA,PROGRAMA DO RATINHO (REPRISE),3466,REPRISE,PROGRAMA,05/01/2024,EU VOU SEGUIR,DUDU FALCAO / DIANE WARREN / MARINA ELALI / GLORIA M ESTEFAN,MARINA ELALI,PERFORMANCE,50.00%,195.48,,,,True,artist_alias,Relatório Solicitação
BMG RIGHTS MANAGEMENT BRASIL LTDA,PROGRAMA DO RATINHO (REPRISE),3466,REPRISE,PROGRAMA,05/01/2024,EU VOU SEGUIR,DUDU FALCAO / DIANE WARREN / MARINA ELALI / GLORIA M ESTEFAN,MARINA ELALI,PERFORMANCE,50.00%,195.48,,,,True,artist_alias,Relatório Solicitação
IRMÃOS VITALE EDITORES LTDA,PROGRAMA DO RATINHO (REPRISE),3466,REPRISE,PROGRAMA,05/01/2024,O XOTE DAS MENINAS,JOSE DE SOUZA DANTAS FILHO / LUIZ GONZAGA DO NASCIMENTO,MARINA ELALI,PERFORMANCE,100.00%,390.96,,,,True,artist_alias,Relatório Solicitação
SONY MUSIC PUBLISHING (BRASIL) EDIÇÕES MUSICAIS LTDA,PROGRAMA DO RATINHO (REPRISE),3474,REPRISE,PROGRAMA,17/01/2024,TALISMÃ,PAULO MASSADAS / MICHAEL SULIVAN,LEONARDO,PERFORMANCE,100.00%,390.96,,,,True,artist_alias,Relatório Solicitação
DIVERSAS,A PRAÇA É NOSSA (REPRISE),1755,REPRISE,PROGRAMA,26/01/2024,TEMPO DE ALEGRIA,Costa Silva Filipe / De Sant Anna Carlos Magno / Santos Neilton Cerqueira Dos,IVETE SANGALO,FUNDO MUSICAL,100.00%,781.92,,,,True,artist_alias,Relatório Solicitação
IESSI MUSIC LABEL LTDA,PROGRAMA SILVIO SANTOS (REPRISE),786,REPRISE,PROGRAMA,28/01/2024,NA BASE DO BEIJO,RITA MENDES / ALAIM TAVARES,IVETE SANGALO,FUNDO MUSICAL,50.00%,390.96,,,,True,artist_alias,Relatório Solicitação
SONY MUSIC PUBLISHING (BRASIL) EDIÇÕES MUSICAIS LTDA,PROGRAMA SILVIO SANTOS (REPRISE),786,REPRISE,PROGRAMA,28/01/2024,NA BASE DO BEIJO,RITA MENDES / ALAIM TAVARES,IVETE SANGALO,FUNDO MUSICAL,50.00%,390.96,,,,True,artist_alias,Relatório Solicitação
DIVERSAS,PROGRAMA SILVIO SANTOS (REPRISE),791,REPRISE,PROGRAMA,21/01/2024,LET'S GO 3,DAVI JOSE XAVIER PAIVA / GABRIEL PORTO DOS SANTOS / GUILHERME SERGIO RAMOS DE SOUZA / LUCAS COSTA DOS SANTOS / MAKALO / PAULO ALEXANDRE MARQUES SANTOS / PEDRO HENRIQUE DE OLIVEIRA ROCHA / RYAN SANTANA DOS SANTOS,MC RYAN SP,FUNDO MUSICAL,37.50%,293.22,,,,True,artist_alias,Relatório Solicitação
SONY MUSIC PUBLISHING (BRASIL) EDIÇÕES MUSICAIS LTDA,PROGRAMA SILVIO SANTOS (REPRISE),791,REPRISE,PROGRAMA,21/01/2024,LET'S GO 3,DAVI JOSE XAVIER PAIVA / GABRIEL PORTO DOS SANTOS / GUILHERME SERGIO RAMOS DE SOUZA / LUCAS COSTA DOS SANTOS / MAKALO / PAULO ALEXANDRE MARQUES SANTOS / PEDRO HENRIQUE DE OLIVEIRA ROCHA / RYAN SANTANA DOS SANTOS,MC RYAN SP,FUNDO MUSICAL,62.50%,488.7,,,,True,artist_alias,Relatório Solicitação
DIVERSAS,PROGRAMA SILVIO SANTOS (REPRISE),791,REPRISE,PROGRAMA,21/01/2024,FELINA,LIMA VINICIUS WILLIAM SALES DE / MC 2N SP / OLDILLA,MC RYAN SP,PERFORMANCE,66.67%,260.65,,,,True,artist_alias,Relatório Solicitação
WARNER CHAPPELL EDIÇÕES MUSICAIS LTDA,PROGRAMA SILVIO SANTOS (REPRISE),791,REPRISE,PROGRAMA,21/01/2024,FELINA,LIMA VINICIUS WILLIAM SALES DE / MC 2N SP / OLDILLA,MC RYAN SP,PERFORMANCE,33.33%,130.31,,,,True,artist_alias,Relatório Solicitação
