EDITORA,PROGRAMA,NÚMERO PROGRAMA,EXIBIÇÃO (GRAVADO OU REPRISE),"CATEGORIA DO PROGRAMA (PROGRAMA, NOVELA)",DATA DE EXIBIÇÃO,NOME DA MÚSICA,AUTOR,INTERPRETE,TIPO DE SINCRONIZAÇÃO,PERCENTUAL A PAGAR - EDITORA,VALOR A PAGAR - EDITORA,__title_norm,__author_norm,__is_match,__sheet
BMG RIGHTS MANAGEMENT BRASIL LTDA,THE NOITE,2471,GRAVADO,PROGRAMA,14/12/2023,ABISMO,BRUNO RIGAMONTE CARNEIRO / EMANUELLA TENORIO ROCHA / RICARDUS MAXIMUS MIRANDA DA CUNHA JUNIOR / THALLYSON LIMA,MANU BAHTIDÃO,PERFORMANCE,100.00%,"799,71",abismo,manu bahtidao,True,Relatório Solicitação
IRMÃOS VITALE EDITORES LTDA,ESPECIAL NATAL CIRCO,1,GRAVADO,PROGRAMA,25/12/2023,ANOITECEU,ASSIS VALENTE,ASSIS VALENTE,FUNDO MUSICAL,100.00%,"1599,43",anoiteceu,assis valente,True,Relatório Solicitação
BMG RIGHTS MANAGEMENT BRASIL LTDA,THE NOITE,2467,GRAVADO,PROGRAMA,08/12/2023,HEY JOE,BILLY ROBERTS,ULTRAJE A RIGOR,PERFORMANCE,100.00%,"799,71",hey joe,ultraje a rigor,True,Relatório Solicitação
DIVERSAS,PROGRAMA DO RATINHO,3449,GRAVADO,PROGRAMA,06/12/2023,NEGA,TARCISIO DO ACORDEON,NOVA BANDA DO RATINHO,PERFORMANCE,100.00%,"799,71",nega,nova banda do ratinho,True,Relatório Solicitação
ADDAF - ASS. DEF. DIREITOS AUTORAIS FONOMECÂNICOS,PROGRAMA DO RATINHO,3449,GRAVADO,PROGRAMA,06/12/2023,BEIJINHO NO OMBRO,WALLACE VIANA / ANDRE VIEIRA / LEANDRO PARDAL,VALESKA POPOZUDA,FUNDO MUSICAL,37.50%,"599,79",beijinho no ombro,valeska popozuda,True,Relatório Solicitação
WARNER CHAPPELL EDIÇÕES MUSICAIS LTDA,PROGRAMA DO RATINHO,3449,GRAVADO,PROGRAMA,06/12/2023,BEIJINHO NO OMBRO,WALLACE VIANA / ANDRE VIEIRA / LEANDRO PARDAL,VALESKA POPOZUDA,FUNDO MUSICAL,50.00%,"799,72",beijinho no ombro,valeska popozuda,True,Relatório Solicitação
SONY MUSIC PUBLISHING (BRASIL) EDIÇÕES MUSICAIS LTDA,PROGRAMA DO RATINHO,3449,GRAVADO,PROGRAMA,06/12/2023,BEIJINHO NO OMBRO,WALLACE VIANA / ANDRE VIEIRA / LEANDRO PARDAL,VALESKA POPOZUDA,FUNDO MUSICAL,12.50%,"199,93",beijinho no ombro,valeska popozuda,True,Relatório Solicitação
IRMÃOS VITALE EDITORES LTDA,PROGRAMA DO RATINHO,3451,GRAVADO,PROGRAMA,08/12/2023,NOITE,JOSE DIVINO NEVES / ANTONIO DOMICIANO,NILSINHO E CESAR MENOTTI,PERFORMANCE,100.00%,"799,71",noite,nilsinho e cesar menotti,True,Relatório Solicitação
SONY MUSIC PUBLISHING (BRASIL) EDIÇÕES MUSICAIS LTDA,PROGRAMA DO RATINHO,3456,GRAVADO,PROGRAMA,15/12/2023,DIANA,FRED JORGE / PAUL ANKA,NOVA BANDA DO RATINHO,PERFORMANCE,100.00%,"799,71",diana,nova banda do ratinho,True,Relatório Solicitação
IRMÃOS VITALE EDITORES LTDA,PROGRAMA DO RATINHO,3461,GRAVADO,PROGRAMA,29/12/2023,SEBASTIANA,ROSIL CAVALCANTI,NOVA BANDA DO RATINHO,PERFORMANCE,100.00%,"799,71",sebastiana,nova banda do ratinho,True,Relatório Solicitação
DIVERSAS,PROGRAMA DO RATINHO,3457,GRAVADO,PROGRAMA,25/12/2023,SEM SENTIMENTO,DG / BATIDAO STRONDA / FELIPE AMORIM / MC DANNY,MC DESIRRE,PERFORMANCE,100.00%,"799,71",sem sentimento,mc desirre,True,Relatório Solicitação
DIVERSAS,PROGRAMA SILVIO SANTOS,810,GRAVADO,PROGRAMA,10/12/2023,DOMINGO,SERGIO BRITTO / TONI BELLOTTO,TITÃS,FUNDO MUSICAL,100.00%,"1599,43",domingo,titas,True,Relatório Solicitação
UNIVERSAL MUSIC PUBLISHING MGB BRASIL LTDA,PROGRAMA SILVIO SANTOS,810,GRAVADO,PROGRAMA,10/12/2023,CORAÇÃO,DORGIVAL DANTAS,LUZ/GIL FERRAZ/NATASCHA PIVA,PERFORMANCE,100.00%,"799,71",coracao,luz/gil ferraz/natascha piva,True,Relatório Solicitação
DUBAS MÚSICA LTDA,PROGRAMA SILVIO SANTOS,810,GRAVADO,PROGRAMA,10/12/2023,DO LADO DE CÁ,FABRICIO DE GAMBOGI / GISELE DE SANTI,LEANDRO LOURENÇO SALERNO,FUNDO MUSICAL,50.00%,"799,72",do lado de ca,leandro lourenco salerno,True,Relatório Solicitação
WARNER CHAPPELL EDIÇÕES MUSICAIS LTDA,PROGRAMA SILVIO SANTOS,810,GRAVADO,PROGRAMA,10/12/2023,DO LADO DE CÁ,FABRICIO DE GAMBOGI / GISELE DE SANTI,LEANDRO LOURENÇO SALERNO,FUNDO MUSICAL,50.00%,"799,72",do lado de ca,leandro lourenco salerno,True,Relatório Solicitação
UNIVERSAL MUSIC PUBLISHING MGB BRASIL LTDA,PROGRAMA SILVIO SANTOS,810,GRAVADO,PROGRAMA,10/12/2023,FELICIDADE,GABRIEL DE MOURA PASSOS / ANGELO VITOR SIMPLICIO DA SILVA / JORGE MARIO DA SILVA / JORGE LEANDRO PEREIRA DA SILVA,SEU JORGE,FUNDO MUSICAL,50.00%,"799,72",felicidade,seu jorge,True,Relatório Solicitação
SONY MUSIC PUBLISHING (BRASIL) EDIÇÕES MUSICAIS LTDA,PROGRAMA SILVIO SANTOS,810,GRAVADO,PROGRAMA,10/12/2023,FELICIDADE,GABRIEL DE MOURA PASSOS / ANGELO VITOR SIMPLICIO DA SILVA / JORGE MARIO DA SILVA / JORGE LEANDRO PEREIRA DA SILVA,SEU JORGE,FUNDO MUSICAL,50.00%,"799,72",felicidade,seu jorge,True,Relatório Solicitação
WARNER CHAPPELL EDIÇÕES MUSICAIS LTDA,PROGRAMA DO RATINHO,3454,GRAVADO,PROGRAMA,13/12/2023,CINDERELA,ADELINO MOREIRA,ANGELA MARIA,FUNDO MUSICAL,100.00%,"1599,43",cinderela,angela maria,True,Relatório Solicitação
THIAGO ABDULAHAD NUNES RIOS ME,PROGRAMA DO RATINHO,3454,GRAVADO,PROGRAMA,13/12/2023,MALVADA,RIVALDO SOARES / SHYLTON FERNANDES / BRENO LIMA,NOVA BANDA DO RATINHO,PERFORMANCE,66.66%,"533,09",malvada,nova banda do ratinho,True,Relatório Solicitação
WARNER CHAPPELL EDIÇÕES MUSICAIS LTDA,PROGRAMA DO RATINHO,3454,GRAVADO,PROGRAMA,13/12/2023,MALVADA,RIVALDO SOARES / SHYLTON FERNANDES / BRENO LIMA,NOVA BANDA DO RATINHO,PERFORMANCE,33.34%,"266,62",malvada,nova banda do ratinho,True,Relatório Solicitação
ADDAF - ASS. DEF. DIREITOS AUTORAIS FONOMECÂNICOS,PROGRAMA DO RATINHO,3454,GRAVADO,PROGRAMA,13/12/2023,BEIJINHO NO OMBRO,WALLACE VIANA / ANDRE VIEIRA / LEANDRO PARDAL,NOVA BANDA DO RATINHO,PERFORMANCE,37.50%,"299,89",beijinho no ombro,nova banda do ratinho,True,Relatório Solicitação
WARNER CHAPPELL EDIÇÕES MUSICAIS LTDA,PROGRAMA DO RATINHO,3454,GRAVADO,PROGRAMA,13/12/2023,BEIJINHO NO OMBRO,WALLACE VIANA / ANDRE VIEIRA / LEANDRO PARDAL,NOVA BANDA DO RATINHO,PERFORMANCE,50.00%,"399,86",beijinho no ombro,nova banda do ratinho,True,Relatório Solicitação
SONY MUSIC PUBLISHING (BRASIL) EDIÇÕES MUSICAIS LTDA,PROGRAMA DO RATINHO,3454,GRAVADO,PROGRAMA,13/12/2023,BEIJINHO NO OMBRO,WALLACE VIANA / ANDRE VIEIRA / LEANDRO PARDAL,NOVA BANDA DO RATINHO,PERFORMANCE,12.50%,"99,96",beijinho no ombro,nova banda do ratinho,True,Relatório Solicitação
WARNER CHAPPELL EDIÇÕES MUSICAIS LTDA,PROGRAMA DO RATINHO,3454,GRAVADO,PROGRAMA,13/12/2023,AQUELAS COISAS,DANIEL MENDES DE ARAUJO DANTAS DANIEL MENDES / WASHINGTON VIEIRA FRAGA JUNIOR,NOVA BANDA DO RATINHO,PERFORMANCE,100.00%,"799,71",aquelas coisas,nova banda do ratinho,True,Relatório Solicitação
COSA NOSTRA FONOGRÁFICA LTDA - ME,PROGRAMA DO RATINHO,3454,GRAVADO,PROGRAMA,13/12/2023,VIDA LOKA,PEDRO PAULO SOARES PEREIRA,MILENE,PERFORMANCE,50.00%,"399,86",vida loka,milene,True,Relatório Solicitação
ALTAFONTE BRASIL DIREITOS MUSICAIS LTDA,PROGRAMA DO RATINHO,3454,GRAVADO,PROGRAMA,13/12/2023,VIDA LOKA,PEDRO PAULO SOARES PEREIRA,MILENE,PERFORMANCE,50.00%,"399,86",vida loka,milene,True,Relatório Solicitação
SONY MUSIC PUBLISHING (BRASIL) EDIÇÕES MUSICAIS LTDA,PROGRAMA DO RATINHO,3459,GRAVADO,PROGRAMA,27/12/2023,DIANA,FRED JORGE / PAUL ANKA,NOVA BANDA DO RATINHO,PERFORMANCE,100.00%,"799,71",diana,nova banda do ratinho,True,Relatório Solicitação
SONY MUSIC PUBLISHING (BRASIL) EDIÇÕES MUSICAIS LTDA,PROGRAMA SILVIO SANTOS,808,GRAVADO,PROGRAMA,03/12/2023,OI,BRUNO CALIMAN,BANDA SILVIO SANTOS,PERFORMANCE,100.00%,"799,71",oi,banda silvio santos,True,Relatório Solicitação
UNIVERSAL MUSIC PUBLISHING MGB BRASIL LTDA,PROGRAMA SILVIO SANTOS,808,GRAVADO,PROGRAMA,03/12/2023,VERMELHO,GLORIA GROOVE / MC DALESTE / PABLO BISPO / RUXELL,NATASCHA PIVA/GIL FERRAZ/LUZ,PERFORMANCE,100.00%,"799,71",vermelho,natascha piva/gil ferraz/luz,True,Relatório Solicitação
UNIVERSAL MUSIC PUBLISHING MGB BRASIL LTDA,PROGRAMA SILVIO SANTOS,808,GRAVADO,PROGRAMA,03/12/2023,FICA,ANA CLARA CAETANO,LEANDRO LOURENÇO SALERNO,FUNDO MUSICAL,100.00%,"1599,43",fica,leandro lourenco salerno,True,Relatório Solicitação
UNIVERSAL MUSIC PUBLISHING MGB BRASIL LTDA,PROGRAMA SILVIO SANTOS,808,GRAVADO,PROGRAMA,03/12/2023,VERDADE,CARLINHOS SANTANA / NELSON RUFINO,LEANDRO LOURENÇO SALERNO,FUNDO MUSICAL,50.00%,"799,72",verdade,leandro lourenco salerno,True,Relatório Solicitação
SONY MUSIC PUBLISHING (BRASIL) EDIÇÕES MUSICAIS LTDA,PROGRAMA SILVIO SANTOS,808,GRAVADO,PROGRAMA,03/12/2023,VERDADE,CARLINHOS SANTANA / NELSON RUFINO,LEANDRO LOURENÇO SALERNO,FUNDO MUSICAL,50.00%,"799,72",verdade,leandro lourenco salerno,True,Relatório Solicitação
BMG RIGHTS MANAGEMENT BRASIL LTDA,PROGRAMA SILVIO SANTOS,808,GRAVADO,PROGRAMA,03/12/2023,VAGALUMES,LUIZ TOMIM / IVO MOZART / ADRIEL MENEZES / LEONARDO HENRIQUE VEREDA CUNHA,LEANDRO LOURENÇO SALERNO,FUNDO MUSICAL,33.67%,"538,53",vagalumes,leandro lourenco salerno,True,Relatório Solicitação
DIVERSAS,PROGRAMA SILVIO SANTOS,808,GRAVADO,PROGRAMA,03/12/2023,VAGALUMES,LUIZ TOMIM / IVO MOZART / ADRIEL MENEZES / LEONARDO HENRIQUE VEREDA CUNHA,LEANDRO LOURENÇO SALERNO,FUNDO MUSICAL,50.00%,"799,72",vagalumes,leandro lourenco salerno,True,Relatório Solicitação
WARNER CHAPPELL EDIÇÕES MUSICAIS LTDA,PROGRAMA SILVIO SANTOS,808,GRAVADO,PROGRAMA,03/12/2023,VAGALUMES,LUIZ TOMIM / IVO MOZART / ADRIEL MENEZES / LEONARDO HENRIQUE VEREDA CUNHA,LEANDRO LOURENÇO SALERNO,FUNDO MUSICAL,16.33%,"261,19",vagalumes,leandro lourenco salerno,True,Relatório Solicitação
WARNER CHAPPELL EDIÇÕES MUSICAIS LTDA,PROGRAMA SILVIO SANTOS,808,GRAVADO,PROGRAMA,03/12/2023,MORENA,BRENO CESAR LOLLI / DIEGO ITALLO RODRIGUES DE SOUZA / LUAN RAFAEL DOMINGOS SANTANA / LUCAS GONCALVES / SHYLTON FERNANDES SOUSA AQUINO,LUAN SANTANA,FUNDO MUSICAL,5.00%,"79,97",morena,luan santana,True,Relatório Solicitação
DIVERSAS,PROGRAMA SILVIO SANTOS,808,GRAVADO,PROGRAMA,03/12/2023,MORENA,BRENO CESAR LOLLI / DIEGO ITALLO RODRIGUES DE SOUZA / LUAN RAFAEL DOMINGOS SANTANA / LUCAS GONCALVES / SHYLTON FERNANDES SOUSA AQUINO,LUAN SANTANA,FUNDO MUSICAL,95.00%,"1519,46",morena,luan santana,True,Relatório Solicitação
WARNER CHAPPELL EDIÇÕES MUSICAIS LTDA,PROGRAMA SILVIO SANTOS,808,GRAVADO,PROGRAMA,03/12/2023,TETO DE VIDRO,PITTY,BANDA SILVIO SANTOS,PERFORMANCE,100.00%,"799,71",teto de vidro,banda silvio santos,True,Relatório Solicitação
GEGE EDIÇÕES MUSICAIS LTDA,PROGRAMA SILVIO SANTOS,808,GRAVADO,PROGRAMA,03/12/2023,VAMOS FUGIR,LIMINHA / GILBERTO GIL,BANDA SILVIO SANTOS,PERFORMANCE,50.00%,"399,86",vamos fugir,banda silvio santos,True,Relatório Solicitação
SONY MUSIC PUBLISHING (BRASIL) EDIÇÕES MUSICAIS LTDA,PROGRAMA SILVIO SANTOS,808,GRAVADO,PROGRAMA,03/12/2023,VAMOS FUGIR,LIMINHA / GILBERTO GIL,BANDA SILVIO SANTOS,PERFORMANCE,50.00%,"399,86",vamos fugir,banda silvio santos,True,Relatório Solicitação
UNIVERSAL MUSIC PUBLISHING MGB BRASIL LTDA,PROGRAMA SILVIO SANTOS,808,GRAVADO,PROGRAMA,03/12/2023,ERA UMA VEZ,KELL SMITH,KELL SMITH,PERFORMANCE,100.00%,"799,71",era uma vez,kell smith,True,Relatório Solicitação
WARNER CHAPPELL EDIÇÕES MUSICAIS LTDA,PROGRAMA SILVIO SANTOS,808,GRAVADO,PROGRAMA,03/12/2023,BRISA,IZA / PABLO LUIZ BISPO / RUXELL / SERGIO SANTOS,IZA,FUNDO MUSICAL,75.00%,"1199,57",brisa,iza,True,Relatório Solicitação
SONY MUSIC PUBLISHING (BRASIL) EDIÇÕES MUSICAIS LTDA,PROGRAMA SILVIO SANTOS,808,GRAVADO,PROGRAMA,03/12/2023,BRISA,IZA / PABLO LUIZ BISPO / RUXELL / SERGIO SANTOS,IZA,FUNDO MUSICAL,25.00%,"399,86",brisa,iza,True,Relatório Solicitação
UNIVERSAL MUSIC PUBLISHING MGB BRASIL LTDA,PROGRAMA SILVIO SANTOS,809,GRAVADO,PROGRAMA,17/12/2023,VERDADE,CARLINHOS SANTANA / NELSON RUFINO,NATASCHA PIVA,PERFORMANCE,50.00%,"399,86",verdade,natascha piva,True,Relatório Solicitação
SONY MUSIC PUBLISHING (BRASIL) EDIÇÕES MUSICAIS LTDA,PROGRAMA SILVIO SANTOS,809,GRAVADO,PROGRAMA,17/12/2023,VERDADE,CARLINHOS SANTANA / NELSON RUFINO,NATASCHA PIVA,PERFORMANCE,50.00%,"399,86",verdade,natascha piva,True,Relatório Solicitação
DIVERSAS,PROGRAMA RAUL GIL (REPRISE),687,REPRISE,PROGRAMA,30/12/2023,SENTADAO,ARTHUR RAMOS / EDU NOBRE / TIE CASTRO,PSIRICO,PERFORMANCE,100.00%,"373,70",sentadao,psirico,True,Relatório Solicitação
BMG RIGHTS MANAGEMENT BRASIL LTDA,PROGRAMA RAUL GIL (REPRISE),687,REPRISE,PROGRAMA,30/12/2023,GIRASSOL,PRISCILLA ALCANTARA / WHINDERSSON NUNES,IZA VICTÓRIA,PERFORMANCE,100.00%,"373,70",girassol,iza victoria,True,Relatório Solicitação
PEERMUSIC DO BRASIL EDIÇÕES MUSICAIS LTDA,PROGRAMA SILVIO SANTOS,811,GRAVADO,PROGRAMA,24/12/2023,BALMAIN,MC DANIEL / VINICIUS DOS SANTOS LESSA,MC DANIEL,FUNDO MUSICAL,100.00%,"1599,43",balmain,mc daniel,True,Relatório Solicitação
UNIVERSAL MUSIC PUBLISHING MGB BRASIL LTDA,PROGRAMA SILVIO SANTOS,811,GRAVADO,PROGRAMA,24/12/2023,PRIMAVERA,CASSIANO / SILVIO ROCHAEL,LEANDRO LOURENÇO SALERNO,FUNDO MUSICAL,100.00%,"1599,43",primavera,leandro lourenco salerno,True,Relatório Solicitação
IRMÃOS VITALE EDITORES LTDA,PROGRAMA SILVIO SANTOS,811,GRAVADO,PROGRAMA,24/12/2023,ANOITECEU,ASSIS VALENTE,JEITO MOLEQUE/LUCAS MORATO/MR. DAN/PÉRICLES/SAMBÔ/THIAGUINHO,FUNDO MUSICAL,100.00%,"1599,43",anoiteceu,jeito moleque/lucas morato/mr. dan/pericles/sambo/thiaguinho,True,Relatório Solicitação
IRMÃOS VITALE EDITORES LTDA,PROGRAMA SILVIO SANTOS,811,GRAVADO,PROGRAMA,24/12/2023,ANOITECEU,ASSIS VALENTE,CIRCO DO TIRULIPA,PERFORMANCE,100.00%,"799,71",anoiteceu,circo do tirulipa,True,Relatório Solicitação
BMG RIGHTS MANAGEMENT BRASIL LTDA,ELIANA,741,GRAVADO,PROGRAMA,03/12/2023,GIRASSOL,WHINDERSSON NUNES,PRISCILLA,PERFORMANCE,100.00%,"799,71",girassol,priscilla,True,Relatório Solicitação
WARNER CHAPPELL EDIÇÕES MUSICAIS LTDA,ELIANA,741,GRAVADO,PROGRAMA,03/12/2023,GIRASSOL,ANDRE FARIAS / ANTONIO FILHO / MARCOS CRUZ / PAULO GAMA / PEDRO LUIS TEIXEIRA DE OLIVEIRA,TIAGO BARNABÉ,PERFORMANCE,20.00%,"159,94",girassol,tiago barnabe,True,Relatório Solicitação
SONY MUSIC PUBLISHING (BRASIL) EDIÇÕES MUSICAIS LTDA,ELIANA,741,GRAVADO,PROGRAMA,03/12/2023,GIRASSOL,ANDRE FARIAS / ANTONIO FILHO / MARCOS CRUZ / PAULO GAMA / PEDRO LUIS TEIXEIRA DE OLIVEIRA,TIAGO BARNABÉ,PERFORMANCE,80.00%,"639,77",girassol,tiago barnabe,True,Relatório Solicitação
DIVERSAS,DOMINGO LEGAL,1557,GRAVADO,PROGRAMA,12/11/2023,PAPI,Hajji Bilal / Jannusi Achraf / Jannusi Novel Naoufal / Khayat Nadir / Sandell Geraldo Jacop / Thornfeldt Jimmy Paul,JENNIFER LOPEZ,FUNDO MUSICAL,100.00%,"1599,43",papi,jennifer lopez,True,Relatório Solicitação
DIVERSAS,PROGRAMA DO RATINHO,3436,GRAVADO,PROGRAMA,17/11/2023,SOU EU,CARLOS PEDRO / ED WILSON,TRAIA VÉIA,PERFORMANCE,25.00%,"199,93",sou eu,traia veia,True,Relatório Solicitação
UNIVERSAL MUSIC PUBLISHING MGB BRASIL LTDA,PROGRAMA DO RATINHO,3436,GRAVADO,PROGRAMA,17/11/2023,SOU EU,CARLOS PEDRO / ED WILSON,TRAIA VÉIA,PERFORMANCE,25.00%,"199,93",sou eu,traia veia,True,Relatório Solicitação
PEERMUSIC DO BRASIL EDIÇÕES MUSICAIS LTDA,PROGRAMA DO RATINHO,3436,GRAVADO,PROGRAMA,17/11/2023,SOU EU,CARLOS PEDRO / ED WILSON,TRAIA VÉIA,PERFORMANCE,50.00%,"399,86",sou eu,traia veia,True,Relatório Solicitação
DIVERSAS,PROGRAMA DO RATINHO,3436,GRAVADO,PROGRAMA,17/11/2023,SE FOI,BRUNO DE OLIVEIRA CORREA,BRUNINHO SCANDALLI,PERFORMANCE,100.00%,"799,71",se foi,bruninho scandalli,True,Relatório Solicitação
DIVERSAS,ELIANA,740,GRAVADO,PROGRAMA,26/11/2023,MEIA NOITE,VALTER DANADAO / ZE MALHADA,RAFAEL/CIDA,PERFORMANCE,100.00%,"799,71",meia noite,rafael/cida,True,Relatório Solicitação
IRMÃOS VITALE EDITORES LTDA,PROGRAMA DO RATINHO,3426,GRAVADO,PROGRAMA,02/11/2023,SEBASTIANA,ROSIL CAVALCANTI,NOVA BANDA DO RATINHO,PERFORMANCE,100.00%,"799,71",sebastiana,nova banda do ratinho,True,Relatório Solicitação
ROCKING GORILLA MUSIC LTDA,THE NOITE,2446,GRAVADO,PROGRAMA,08/11/2023,ISRAEL,JOHN ALEXANDER MCGEOCH / PETER EDWARD CLARKE / STEVEN JOHN BAILEY / SUSAN JANET BALLION,ULTRAJE A RIGOR,PERFORMANCE,50.00%,"399,86",israel,ultraje a rigor,True,Relatório Solicitação
DIVERSAS,THE NOITE,2446,GRAVADO,PROGRAMA,08/11/2023,ISRAEL,JOHN ALEXANDER MCGEOCH / PETER EDWARD CLARKE / STEVEN JOHN BAILEY / SUSAN JANET BALLION,ULTRAJE A RIGOR,PERFORMANCE,50.00%,"399,86",israel,ultraje a rigor,True,Relatório Solicitação
WARNER CHAPPELL EDIÇÕES MUSICAIS LTDA,PROGRAMA SILVIO SANTOS,807,GRAVADO,PROGRAMA,26/11/2023,BRISA,IZA / PABLO LUIZ BISPO / RUXELL / SERGIO SANTOS,LUZ/ NATASCHA PIVA/ GIL FERRAZ,PERFORMANCE,75.00%,"599,78",brisa,luz/ natascha piva/ gil ferraz,True,Relatório Solicitação
SONY MUSIC PUBLISHING (BRASIL) EDIÇÕES MUSICAIS LTDA,PROGRAMA SILVIO SANTOS,807,GRAVADO,PROGRAMA,26/11/2023,BRISA,IZA / PABLO LUIZ BISPO / RUXELL / SERGIO SANTOS,LUZ/ NATASCHA PIVA/ GIL FERRAZ,PERFORMANCE,25.00%,"199,93",brisa,luz/ natascha piva/ gil ferraz,True,Relatório Solicitação
WARNER CHAPPELL EDIÇÕES MUSICAIS LTDA,PROGRAMA SILVIO SANTOS,807,GRAVADO,PROGRAMA,26/11/2023,IDENTIDADE,JORGE ARAGAO DA CRUZ,LEANDRO LOURENÇO SALERNO,FUNDO MUSICAL,100.00%,"1599,43",identidade,leandro lourenco salerno,True,Relatório Solicitação
UNIVERSAL MUSIC PUBLISHING MGB BRASIL LTDA,PROGRAMA SILVIO SANTOS,807,GRAVADO,PROGRAMA,26/11/2023,OUTDOOR,JORGE CARDOSO / BETO CORREA,BANDA SILVIO SANTOS,PERFORMANCE,50.00%,"399,86",outdoor,banda silvio santos,True,Relatório Solicitação
SONY MUSIC PUBLISHING (BRASIL) EDIÇÕES MUSICAIS LTDA,PROGRAMA SILVIO SANTOS,807,GRAVADO,PROGRAMA,26/11/2023,OUTDOOR,JORGE CARDOSO / BETO CORREA,BANDA SILVIO SANTOS,PERFORMANCE,50.00%,"399,86",outdoor,banda silvio santos,True,Relatório Solicitação
IRMÃOS VITALE EDITORES LTDA,PROGRAMA SILVIO SANTOS,805,GRAVADO,PROGRAMA,12/11/2023,SAUDADE,CRYSTIAN RALF,LEANDRO LOURENÇO SALERNO,FUNDO MUSICAL,100.00%,"1599,43",saudade,leandro lourenco salerno,True,Relatório Solicitação
SONY MUSIC PUBLISHING (BRASIL) EDIÇÕES MUSICAIS LTDA,PROGRAMA SILVIO SANTOS,805,GRAVADO,PROGRAMA,12/11/2023,OI,BRUNO CALIMAN,LEANDRO LOURENÇO SALERNO,FUNDO MUSICAL,100.00%,"1599,43",oi,leandro lourenco salerno,True,Relatório Solicitação
WARNER CHAPPELL EDIÇÕES MUSICAIS LTDA,PROGRAMA SILVIO SANTOS,805,GRAVADO,PROGRAMA,12/11/2023,MAGICA,FELIPE ARNA FERREIRA / NORMANI COELHO PELEGRINI FILHO / ROBISON JOSE FARIA,GUGO E GUILHERME,FUNDO MUSICAL,33.33%,"533,09",magica,gugo e guilherme,True,Relatório Solicitação
DIVERSAS,PROGRAMA SILVIO SANTOS,805,GRAVADO,PROGRAMA,12/11/2023,MAGICA,FELIPE ARNA FERREIRA / NORMANI COELHO PELEGRINI FILHO / ROBISON JOSE FARIA,GUGO E GUILHERME,FUNDO MUSICAL,66.67%,"1066,34",magica,gugo e guilherme,True,Relatório Solicitação
ADDAF - ASS. DEF. DIREITOS AUTORAIS FONOMECÂNICOS,PROGRAMA SILVIO SANTOS,805,GRAVADO,PROGRAMA,12/11/2023,BEIJINHO NO OMBRO,WALLACE VIANA / ANDRE VIEIRA / LEANDRO PARDAL,RAFINHA/BALLET,PERFORMANCE,37.50%,"299,89",beijinho no ombro,rafinha/ballet,True,Relatório Solicitação
WARNER CHAPPELL EDIÇÕES MUSICAIS LTDA,PROGRAMA SILVIO SANTOS,805,GRAVADO,PROGRAMA,12/11/2023,BEIJINHO NO OMBRO,WALLACE VIANA / ANDRE VIEIRA / LEANDRO PARDAL,RAFINHA/BALLET,PERFORMANCE,50.00%,"399,86",beijinho no ombro,rafinha/ballet,True,Relatório Solicitação
SONY MUSIC PUBLISHING (BRASIL) EDIÇÕES MUSICAIS LTDA,PROGRAMA SILVIO SANTOS,805,GRAVADO,PROGRAMA,12/11/2023,BEIJINHO NO OMBRO,WALLACE VIANA / ANDRE VIEIRA / LEANDRO PARDAL,RAFINHA/BALLET,PERFORMANCE,12.50%,"99,96",beijinho no ombro,rafinha/ballet,True,Relatório Solicitação
WARNER CHAPPELL EDIÇÕES MUSICAIS LTDA,PROGRAMA SILVIO SANTOS,805,GRAVADO,PROGRAMA,12/11/2023,BRISA,IZA / PABLO LUIZ BISPO / RUXELL / SERGIO SANTOS,IZA,FUNDO MUSICAL,75.00%,"1199,57",brisa,iza,True,Relatório Solicitação
SONY MUSIC PUBLISHING (BRASIL) EDIÇÕES MUSICAIS LTDA,PROGRAMA SILVIO SANTOS,805,GRAVADO,PROGRAMA,12/11/2023,BRISA,IZA / PABLO LUIZ BISPO / RUXELL / SERGIO SANTOS,IZA,FUNDO MUSICAL,25.00%,"399,86",brisa,iza,True,Relatório Solicitação
DIVERSAS,THE NOITE,2452,GRAVADO,PROGRAMA,17/11/2023,PARA QUE TÁ FEIO,CAMILA MORAES / DOM VITTOR / PEDRO TICKS / VIANA / VPEREIRA,KAMISA10,PERFORMANCE,100.00%,"799,71",para que ta feio,kamisa10,True,Relatório Solicitação
UNIVERSAL MUSIC PUBLISHING MGB BRASIL LTDA,PROGRAMA SILVIO SANTOS,804,GRAVADO,PROGRAMA,05/11/2023,PRIMAVERA,CASSIANO / SILVIO ROCHAEL,TIM MAIA,FUNDO MUSICAL,100.00%,"1599,43",primavera,tim maia,True,Relatório Solicitação
UNIVERSAL MUSIC PUBLISHING MGB BRASIL LTDA,PROGRAMA SILVIO SANTOS,804,GRAVADO,PROGRAMA,05/11/2023,ALMA,ANTUNES FILHO / GOMES,ZELIA DUNCAN,FUNDO MUSICAL,50.00%,"799,72",alma,zelia duncan,True,Relatório Solicitação
WARNER CHAPPELL EDIÇÕES MUSICAIS LTDA,PROGRAMA SILVIO SANTOS,804,GRAVADO,PROGRAMA,05/11/2023,ALMA,ANTUNES FILHO / GOMES,ZELIA DUNCAN,FUNDO MUSICAL,50.00%,"799,72",alma,zelia duncan,True,Relatório Solicitação
SONY MUSIC PUBLISHING (BRASIL) EDIÇÕES MUSICAIS LTDA,PROGRAMA DO RATINHO,3444,GRAVADO,PROGRAMA,29/11/2023,DIANA,FRED JORGE / PAUL ANKA,NOVA BANDA DO RATINHO,PERFORMANCE,100.00%,"799,71",diana,nova banda do ratinho,True,Relatório Solicitação
ADDAF - ASS. DEF. DIREITOS AUTORAIS FONOMECÂNICOS,PROGRAMA SILVIO SANTOS,806,GRAVADO,PROGRAMA,19/11/2023,BEIJINHO NO OMBRO,WALLACE VIANA / ANDRE VIEIRA / LEANDRO PARDAL,LUZ/NATASHA PIVA/GIL,PERFORMANCE,37.50%,"299,89",beijinho no ombro,luz/natasha piva/gil,True,Relatório Solicitação
WARNER CHAPPELL EDIÇÕES MUSICAIS LTDA,PROGRAMA SILVIO SANTOS,806,GRAVADO,PROGRAMA,19/11/2023,BEIJINHO NO OMBRO,WALLACE VIANA / ANDRE VIEIRA / LEANDRO PARDAL,LUZ/NATASHA PIVA/GIL,PERFORMANCE,50.00%,"399,86",beijinho no ombro,luz/natasha piva/gil,True,Relatório Solicitação
SONY MUSIC PUBLISHING (BRASIL) EDIÇÕES MUSICAIS LTDA,PROGRAMA SILVIO SANTOS,806,GRAVADO,PROGRAMA,19/11/2023,BEIJINHO NO OMBRO,WALLACE VIANA / ANDRE VIEIRA / LEANDRO PARDAL,LUZ/NATASHA PIVA/GIL,PERFORMANCE,12.50%,"99,96",beijinho no ombro,luz/natasha piva/gil,True,Relatório Solicitação
THIAGO ABDULAHAD NUNES RIOS ME,PROGRAMA SILVIO SANTOS,806,GRAVADO,PROGRAMA,19/11/2023,MALVADA,RIVALDO SOARES / SHYLTON FERNANDES / BRENO LIMA,LUCAS GUEDEZ,PERFORMANCE,66.66%,"533,09",malvada,lucas guedez,True,Relatório Solicitação
WARNER CHAPPELL EDIÇÕES MUSICAIS LTDA,PROGRAMA SILVIO SANTOS,806,GRAVADO,PROGRAMA,19/11/2023,MALVADA,RIVALDO SOARES / SHYLTON FERNANDES / BRENO LIMA,LUCAS GUEDEZ,PERFORMANCE,33.34%,"266,62",malvada,lucas guedez,True,Relatório Solicitação
UNIVERSAL MUSIC PUBLISHING MGB BRASIL LTDA,PROGRAMA SILVIO SANTOS,806,GRAVADO,PROGRAMA,19/11/2023,FELICIDADE,GABRIEL DE MOURA PASSOS / ANGELO VITOR SIMPLICIO DA SILVA / JORGE MARIO DA SILVA / JORGE LEANDRO PEREIRA DA SILVA,SEU JORGE,FUNDO MUSICAL,50.00%,"799,72",felicidade,seu jorge,True,Relatório Solicitação
WARNER CHAPPELL EDIÇÕES MUSICAIS LTDA,PROGRAMA SILVIO SANTOS,806,GRAVADO,PROGRAMA,19/11/2023,FELICIDADE,GABRIEL DE MOURA PASSOS / ANGELO VITOR SIMPLICIO DA SILVA / JORGE MARIO DA SILVA / JORGE LEANDRO PEREIRA DA SILVA,SEU JORGE,FUNDO MUSICAL,25.00%,"399,86",felicidade,seu jorge,True,Relatório Solicitação
SONY MUSIC PUBLISHING (BRASIL) EDIÇÕES MUSICAIS LTDA,PROGRAMA SILVIO SANTOS,806,GRAVADO,PROGRAMA,19/11/2023,FELICIDADE,GABRIEL DE MOURA PASSOS / ANGELO VITOR SIMPLICIO DA SILVA / JORGE MARIO DA SILVA / JORGE LEANDRO PEREIRA DA SILVA,SEU JORGE,FUNDO MUSICAL,25.00%,"399,86",felicidade,seu jorge,True,Relatório Solicitação
BMG RIGHTS MANAGEMENT BRASIL LTDA,THE NOITE (REPRISE),649,REPRISE,PROGRAMA,30/03/2024,HEY JOE,BILLY ROBERTS,JIMMI HENDRIX,PERFORMANCE,100.00%,390.96,hey joe,jimmi hendrix,True,Relatório Solicitação
DIVERSAS,CIRCO DO TIRU,2,GRAVADO,PROGRAMA,23/03/2024,GOLD,STEPHANIE KIARA,STEPHANIE KIARA,FUNDO MUSICAL,100.00%,1673.31,gold,stephanie kiara,True,Relatório Solicitação
DIVERSAS,PROGRAMA DO RATINHO,3526,GRAVADO,PROGRAMA,29/03/2024,MORENA,ALEX SANDRO GOMES DE AGUIAR ALVES / ANTONIO AVELAR BORGES JUNIOR / MARCELO BERNARDES DE OLIVEIRA / RAFAEL LIBORIO DE SOUZA,CLAYTON E ROMÁRIO,PERFORMANCE,100.00%,836.65,morena,clayton e romario,True,Relatório Solicitação
SONY MUSIC PUBLISHING (BRASIL) EDIÇÕES MUSICAIS LTDA,PROGRAMA SILVIO SANTOS,825,GRAVADO,PROGRAMA,31/03/2024,CHOCOLATE,AUGUSTO CESAR DE OLIVEIRA TEIXEIRA / MIHAIL PLOPSCHI / PAULO SERGIO KOSTENBADER VALLE,ANGÉLICA,FUNDO MUSICAL,100.00%,1673.31,chocolate,angelica,True,Relatório Solicitação
THIAGO ABDULAHAD NUNES RIOS ME,PROGRAMA SILVIO SANTOS,825,GRAVADO,PROGRAMA,31/03/2024,MALVADA,RIVALDO SOARES / SHYLTON FERNANDES / BRENO LIMA,ZÉ FELIPE,FUNDO MUSICAL,33.33%,557.71,malvada,ze felipe,True,Relatório Solicitação
WARNER CHAPPELL EDIÇÕES MUSICAIS LTDA,PROGRAMA SILVIO SANTOS,825,GRAVADO,PROGRAMA,31/03/2024,MALVADA,RIVALDO SOARES / SHYLTON FERNANDES / BRENO LIMA,ZÉ FELIPE,FUNDO MUSICAL,66.67%,1115.6,malvada,ze felipe,True,Relatório Solicitação
DIVERSAS,PROGRAMA SILVIO SANTOS,825,GRAVADO,PROGRAMA,31/03/2024,DEJA VU,LUAN SANTANA / LUCAS SANTOS / MATHEUS MARCOLINO / MATHEUS ALEIXO,LUAN SANTANA,FUNDO MUSICAL,100.00%,1673.31,deja vu,luan santana,True,Relatório Solicitação
WARNER CHAPPELL EDIÇÕES MUSICAIS LTDA,PROGRAMA SILVIO SANTOS,825,GRAVADO,PROGRAMA,31/03/2024,CHOCOLATE,TIM MAIA,TIM MAIA,FUNDO MUSICAL,100.00%,1673.31,chocolate,tim maia,True,Relatório Solicitação
DIVERSAS,PROGRAMA DO RATINHO,3510,GRAVADO,PROGRAMA,07/03/2024,MACETANDO,IVETE MARIA DIAS DE SANGALO / LUCIANO CHAVES DOS SANTOS / SAMIR PEREIRA TRINDADE,SAKAMOTO,PERFORMANCE,100.00%,836.65,macetando,sakamoto,True,Relatório Solicitação
IRMÃOS VITALE EDITORES LTDA,PROGRAMA DO RATINHO,3510,GRAVADO,PROGRAMA,07/03/2024,SEBASTIANA,ROSIL CAVALCANTI,NOVA BANDA DO RATINHO,PERFORMANCE,100.00%,836.65,sebastiana,nova banda do ratinho,True,Relatório Solicitação
DIVERSAS,PROGRAMA RAUL GIL,698,GRAVADO,PROGRAMA,16/03/2024,O MELHOR PRA MIM,FRANCA COSTA / SOARES,ELI SOARES,PERFORMANCE,50.00%,418.32,o melhor pra mim,eli soares,True,Relatório Solicitação
UNIVERSAL MUSIC PUBLISHING MGB BRASIL LTDA,PROGRAMA RAUL GIL,698,GRAVADO,PROGRAMA,16/03/2024,O MELHOR PRA MIM,FRANCA COSTA / SOARES,ELI SOARES,PERFORMANCE,50.00%,418.32,o melhor pra mim,eli soares,True,Relatório Solicitação
SONY MUSIC PUBLISHING (BRASIL) EDIÇÕES MUSICAIS LTDA,PROGRAMA DO RATINHO,3516,GRAVADO,PROGRAMA,15/03/2024,DIANA,FRED JORGE / PAUL ANKA,NOVA BANDA DO RATINHO,PERFORMANCE,100.00%,836.65,diana,nova banda do ratinho,True,Relatório Solicitação
DIVERSAS,PROGRAMA DO RATINHO,3516,GRAVADO,PROGRAMA,15/03/2024,ABISMO,BRUNO RIGAMONTE CARNEIRO / EMANUELLA TENORIO ROCHA / RICARDUS MAXIMUS MIRANDA DA CUNHA JUNIOR / THALLYSON LIMA,MANU BAHTIDÃO,PERFORMANCE,25.00%,209.16,abismo,manu bahtidao,True,Relatório Solicitação
BMG RIGHTS MANAGEMENT BRASIL LTDA,PROGRAMA DO RATINHO,3516,GRAVADO,PROGRAMA,15/03/2024,ABISMO,BRUNO RIGAMONTE CARNEIRO / EMANUELLA TENORIO ROCHA / RICARDUS MAXIMUS MIRANDA DA CUNHA JUNIOR / THALLYSON LIMA,MANU BAHTIDÃO,PERFORMANCE,75.00%,627.49,abismo,manu bahtidao,True,Relatório Solicitação
DIVERSAS,DOMINGO LEGAL,1575,GRAVADO,PROGRAMA,17/03/2024,FLUTUANDO,Costa Oliveira  Raphael / Pereira Pinho  Matheus,ZERO61,FUNDO MUSICAL,100.00%,1673.31,flutuando,zero61,True,Relatório Solicitação
DIVERSAS,PROGRAMA SILVIO SANTOS,821,GRAVADO,PROGRAMA,03/03/2024,MACETANDO,IVETE MARIA DIAS DE SANGALO / LUCIANO CHAVES DOS SANTOS / SAMIR PEREIRA TRINDADE,IVETE,PERFORMANCE,100.00%,836.65,macetando,ivete,True,Relatório Solicitação
DIVERSAS,PROGRAMA SILVIO SANTOS,821,GRAVADO,PROGRAMA,03/03/2024,MACETANDO,IVETE MARIA DIAS DE SANGALO / LUCIANO CHAVES DOS SANTOS / SAMIR PEREIRA TRINDADE,DANIEL LEVI,PERFORMANCE,100.00%,836.65,macetando,daniel levi,True,Relatório Solicitação
DIVERSAS,PROGRAMA SILVIO SANTOS,821,GRAVADO,PROGRAMA,03/03/2024,MACETANDO,IVETE MARIA DIAS DE SANGALO / LUCIANO CHAVES DOS SANTOS / SAMIR PEREIRA TRINDADE,VICTOR SARRO,PERFORMANCE,100.00%,836.65,macetando,victor sarro,True,Relatório Solicitação
DIVERSAS,PROGRAMA SILVIO SANTOS,821,GRAVADO,PROGRAMA,03/03/2024,MACETANDO,IVETE MARIA DIAS DE SANGALO / LUCIANO CHAVES DOS SANTOS / SAMIR PEREIRA TRINDADE,LUZ/NATASCHA PIVA/GIL FERRAZ,PERFORMANCE,100.00%,836.65,macetando,luz/natascha piva/gil ferraz,True,Relatório Solicitação
SONY MUSIC PUBLISHING (BRASIL) EDIÇÕES MUSICAIS LTDA,TUNEL DOS SONHOS,3524,GRAVADO,PROGRAMA,27/03/2024,OI,BRUNO CALIMAN,NOVA BANDA DO RATINHO,PERFORMANCE,100.00%,836.65,oi,nova banda do ratinho,True,Relatório Solicitação
UNIVERSAL MUSIC PUBLISHING MGB BRASIL LTDA,PROGRAMA SILVIO SANTOS,823,GRAVADO,PROGRAMA,17/03/2024,VERMELHO,GLORIA GROOVE / MC DALESTE / PABLO BISPO / RUXELL,LUZ/GIL FERRAZ/NATASHA PAIVA,PERFORMANCE,16.66%,139.39,vermelho,luz/gil ferraz/natasha paiva,True,Relatório Solicitação
WARNER CHAPPELL EDIÇÕES MUSICAIS LTDA,PROGRAMA SILVIO SANTOS,823,GRAVADO,PROGRAMA,17/03/2024,VERMELHO,GLORIA GROOVE / MC DALESTE / PABLO BISPO / RUXELL,LUZ/GIL FERRAZ/NATASHA PAIVA,PERFORMANCE,83.34%,697.26,vermelho,luz/gil ferraz/natasha paiva,True,Relatório Solicitação
DIVERSAS,PROGRAMA SILVIO SANTOS,823,GRAVADO,PROGRAMA,17/03/2024,MACETANDO,IVERSON DE SOUZA ARAUJO,IVETE SANGALO,FUNDO MUSICAL,100.00%,1673.31,macetando,ivete sangalo,True,Relatório Solicitação
UNIVERSAL MUSIC PUBLISHING MGB BRASIL LTDA,PROGRAMA SILVIO SANTOS,823,GRAVADO,PROGRAMA,17/03/2024,VERDADE,CARLINHOS SANTANA / NELSON RUFINO,ZECA PAGODINHO,FUNDO MUSICAL,50.00%,836.66,verdade,zeca pagodinho,True,Relatório Solicitação
SONY MUSIC PUBLISHING (BRASIL) EDIÇÕES MUSICAIS LTDA,PROGRAMA SILVIO SANTOS,823,GRAVADO,PROGRAMA,17/03/2024,VERDADE,CARLINHOS SANTANA / NELSON RUFINO,ZECA PAGODINHO,FUNDO MUSICAL,50.00%,836.66,verdade,zeca pagodinho,True,Relatório Solicitação
WARNER CHAPPELL EDIÇÕES MUSICAIS LTDA,PROGRAMA SILVIO SANTOS,824,GRAVADO,PROGRAMA,24/03/2024,SÓ VOCÊ,CARLOS VINICIUS SILVA CANTUARIA VINICIUS CANTUARIA,BANDA SILVIO SANTOS,PERFORMANCE,100.00%,836.65,so voce,banda silvio santos,True,Relatório Solicitação
ATRAÇÃO PRODUÇÕES ILIMITADAS LTDA,PROGRAMA SILVIO SANTOS,824,GRAVADO,PROGRAMA,24/03/2024,LUA,ALOK ACHKAR PERES PETRILLO / ANA FLAVIA CASTELA / DIEGO FERRARI / EVERTON MATOS / FABIO PEREIRA DA SILVA / GUSTAVO DA HUNGRIA NEVES / MARCOS ROBERTO RIBEIRO CARVALHO / MATEUS FELIPE FELIX DA SILVA,PATRICIA/ BALÉ PSS,PERFORMANCE,100.00%,836.65,lua,patricia/ bale pss,True,Relatório Solicitação
UNIVERSAL MUSIC PUBLISHING MGB BRASIL LTDA,PROGRAMA SILVIO SANTOS,822,GRAVADO,PROGRAMA,10/03/2024,ME CHAMA,LOBAO,LEANDRO LOURENÇO SALERNO,FUNDO MUSICAL,100.00%,1673.31,me chama,leandro lourenco salerno,True,Relatório Solicitação
DIVERSAS,PROGRAMA SILVIO SANTOS,822,GRAVADO,PROGRAMA,10/03/2024,PERIGO,NICO REZENDE / PAULINHO LIMA,LEANDRO LOURENÇO SALERNO,FUNDO MUSICAL,50.00%,836.66,perigo,leandro lourenco salerno,True,Relatório Solicitação
SONY MUSIC PUBLISHING (BRASIL) EDIÇÕES MUSICAIS LTDA,PROGRAMA SILVIO SANTOS,822,GRAVADO,PROGRAMA,10/03/2024,PERIGO,NICO REZENDE / PAULINHO LIMA,LEANDRO LOURENÇO SALERNO,FUNDO MUSICAL,50.00%,836.66,perigo,leandro lourenco salerno,True,Relatório Solicitação
DIVERSAS,CIRCO DO TIRU,3,GRAVADO,PROGRAMA,30/03/2024,SE JOGA,Riva Amarante Nogueira Sandro / Silva Ronaldo Jorge Da,NALDO BENNY,PERFORMANCE,100.00%,836.65,se joga,naldo benny,True,Relatório Solicitação
DIVERSAS,PROGRAMA RAUL GIL,699,GRAVADO,PROGRAMA,23/03/2024,O MELHOR PRA MIM,FRANCA COSTA / SOARES,ED CARLOS,PERFORMANCE,50.00%,418.32,o melhor pra mim,ed carlos,True,Relatório Solicitação
UNIVERSAL MUSIC PUBLISHING MGB BRASIL LTDA,PROGRAMA RAUL GIL,699,GRAVADO,PROGRAMA,23/03/2024,O MELHOR PRA MIM,FRANCA COSTA / SOARES,ED CARLOS,PERFORMANCE,50.00%,418.32,o melhor pra mim,ed carlos,True,Relatório Solicitação
SONY MUSIC PUBLISHING (BRASIL) EDIÇÕES MUSICAIS LTDA,PROGRAMA DO RATINHO,3487,GRAVADO,PROGRAMA,05/02/2024,DIANA,FRED JORGE / PAUL ANKA,ANTONIA,PERFORMANCE,100.00%,"836,65",diana,antonia,True,Relatório Solicitação
DIVERSAS,THE NOITE (REPRISE),2513,REPRISE,PROGRAMA,10/02/2024,LIVRE,CESAR LEMOS,WANESSA CAMARGO,PERFORMANCE,100.00%,"390,96",livre,wanessa camargo,True,Relatório Solicitação
DIVERSAS,THE NOITE (REPRISE),2513,REPRISE,PROGRAMA,10/02/2024,LEVE,BARBARA DIAS / BIBI / GUTO OLIVEIRA / LUCAS LIMA / MIKE TULIO / SANDY,WANESSA CAMARGO E SANDY,PERFORMANCE,66.69%,"260,73",leve,wanessa camargo e sandy,True,Relatório Solicitação
WARNER CHAPPELL EDIÇÕES MUSICAIS LTDA,THE NOITE (REPRISE),2513,REPRISE,PROGRAMA,10/02/2024,LEVE,BARBARA DIAS / BIBI / GUTO OLIVEIRA / LUCAS LIMA / MIKE TULIO / SANDY,WANESSA CAMARGO E SANDY,PERFORMANCE,33.31%,"130,23",leve,wanessa camargo e sandy,True,Relatório Solicitação
SONY MUSIC PUBLISHING (BRASIL) EDIÇÕES MUSICAIS LTDA,PROGRAMA RAUL GIL (REPRISE),692,REPRISE,PROGRAMA,03/02/2024,ALELUIA,LEONARD COHEN,MIGUEL SOUZA,PERFORMANCE,100.00%,"390,96",aleluia,miguel souza,True,Relatório Solicitação
WARNER CHAPPELL EDIÇÕES MUSICAIS LTDA,ELIANA (REPRISE),753,REPRISE,PROGRAMA,25/02/2024,CONVITE,BRUNNO GABRYEL / MARQUINHOS DE MORAES,MARVVILA,PERFORMANCE,100.00%,"390,96",convite,marvvila,True,Relatório Solicitação
DECK PRODUÇÕES ARTÍSTICAS LTDA,PROGRAMA SILVIO SANTOS,818,GRAVADO,PROGRAMA,11/02/2024,SINAIS,THIAGO SILVA / SERGIO JR / BRUNO CARDOSO,SORRISO MAROTO,PERFORMANCE,100.00%,"836,65",sinais,sorriso maroto,True,Relatório Solicitação
DIVERSAS,PROGRAMA SILVIO SANTOS,818,GRAVADO,PROGRAMA,11/02/2024,ELA,BRUNO CARDOSO / SERGIO JR / THIAGO SILVA,SORRISO MAROTO,PERFORMANCE,100.00%,"836,65",ela,sorriso maroto,True,Relatório Solicitação
DIVERSAS,PROGRAMA SILVIO SANTOS,819,GRAVADO,PROGRAMA,18/02/2024,NA NA NA,EMILE GHANTOUS / ERIK NELSON / FRANCESCA FRANCCI RICHARD,COVER NOW UNITED,PERFORMANCE,100.00%,"836,65",na na na,cover now united,True,Relatório Solicitação
DIVERSAS,PROGRAMA SILVIO SANTOS,819,GRAVADO,PROGRAMA,18/02/2024,NA NA NA,EMILE GHANTOUS / ERIK NELSON / FRANCESCA FRANCCI RICHARD,AUDITORIO,PERFORMANCE,100.00%,"836,65",na na na,auditorio,True,Relatório Solicitação
PÉ DE VERSO LTDA,PROGRAMA SILVIO SANTOS,819,GRAVADO,PROGRAMA,18/02/2024,VOCÊ DE VOLTA,MARCO AURELIO,BANDA SILVIO SANTOS,PERFORMANCE,100.00%,"836,65",voce de volta,banda silvio santos,True,Relatório Solicitação
WARNER CHAPPELL EDIÇÕES MUSICAIS LTDA,PROGRAMA SILVIO SANTOS,819,GRAVADO,PROGRAMA,18/02/2024,AQUELAS COISAS,DANIEL MENDES DE ARAUJO DANTAS DANIEL MENDES / WASHINGTON VIEIRA FRAGA JUNIOR,JOÃO GOMES /TARCÍSIO DO ACORDEON,FUNDO MUSICAL,100.00%,"1673,31",aquelas coisas,joao gomes /tarcisio do acordeon,True,Relatório Solicitação
IRMÃOS VITALE EDITORES LTDA,ELIANA,753,GRAVADO,PROGRAMA,25/02/2024,SAUDADE,CRYSTIAN RALF,FELIPE ARAÚJO E JOÃO REIS,PERFORMANCE,100.00%,"836,65",saudade,felipe araujo e joao reis,True,Relatório Solicitação
MK MUSIC EDIÇÕES MUSICAIS LTDA,ELIANA,752,GRAVADO,PROGRAMA,18/02/2024,DESERTO,ANDERSON RICARDO FREIRE / ANDRE VERIDIANO FREIRE,MARIANNY ALVES COELHO,PERFORMANCE,100.00%,"836,65",deserto,marianny alves coelho,True,Relatório Solicitação
DIVERSAS,PROGRAMA DO RATINHO,3504,GRAVADO,PROGRAMA,28/02/2024,MACETANDO,IVETE MARIA DIAS DE SANGALO / LUCIANO CHAVES DOS SANTOS / SAMIR PEREIRA TRINDADE,IVETE SANGALO,FUNDO MUSICAL,100.00%,"1673,31",macetando,ivete sangalo,True,Relatório Solicitação
SONY MUSIC PUBLISHING (BRASIL) EDIÇÕES MUSICAIS LTDA,PROGRAMA SILVIO SANTOS,820,GRAVADO,PROGRAMA,25/02/2024,MORENA,SHYLTON FERNANDES / BRENO CESAR / DIEGO BARAO / LUAN SANTANA / LUCAS SANTOS,LEANDRO LOURENÇO SALERNO,FUNDO MUSICAL,20.00%,"334,66",morena,leandro lourenco salerno,True,Relatório Solicitação
ABRAMUS DIGITAL SERV. IDENT. REPERTÓRIO,PROGRAMA SILVIO SANTOS,820,GRAVADO,PROGRAMA,25/02/2024,MORENA,SHYLTON FERNANDES / BRENO CESAR / DIEGO BARAO / LUAN SANTANA / LUCAS SANTOS,LEANDRO LOURENÇO SALERNO,FUNDO MUSICAL,20.00%,"334,66",morena,leandro lourenco salerno,True,Relatório Solicitação
WARNER CHAPPELL EDIÇÕES MUSICAIS LTDA,PROGRAMA SILVIO SANTOS,820,GRAVADO,PROGRAMA,25/02/2024,MORENA,SHYLTON FERNANDES / BRENO CESAR / DIEGO BARAO / LUAN SANTANA / LUCAS SANTOS,LEANDRO LOURENÇO SALERNO,FUNDO MUSICAL,40.00%,"669,32",morena,leandro lourenco salerno,True,Relatório Solicitação
DECK PRODUÇÕES ARTÍSTICAS LTDA,PROGRAMA SILVIO SANTOS,820,GRAVADO,PROGRAMA,25/02/2024,MORENA,SHYLTON FERNANDES / BRENO CESAR / DIEGO BARAO / LUAN SANTANA / LUCAS SANTOS,LEANDRO LOURENÇO SALERNO,FUNDO MUSICAL,20.00%,"334,66",morena,leandro lourenco salerno,True,Relatório Solicitação
DIVERSAS,PROGRAMA SILVIO SANTOS,820,GRAVADO,PROGRAMA,25/02/2024,ACABOU,RICARDO CHAVES,RICARDO CHAVES,FUNDO MUSICAL,100.00%,"1673,31",acabou,ricardo chaves,True,Relatório Solicitação
SONY MUSIC PUBLISHING (BRASIL) EDIÇÕES MUSICAIS LTDA,PROGRAMA DO RATINHO,3491,GRAVADO,PROGRAMA,09/02/2024,DIANA,FRED JORGE / PAUL ANKA,NOVA BANDA DO RATINHO,PERFORMANCE,100.00%,"836,65",diana,nova banda do ratinho,True,Relatório Solicitação
DIVERSAS,PROGRAMA DO RATINHO,3500,GRAVADO,PROGRAMA,22/02/2024,MINHA VIZINHA,MANOEL RODRIGUES,MANOEL RODRIGUES,PERFORMANCE,100.00%,"836,65",minha vizinha,manoel rodrigues,True,Relatório Solicitação
SONY MUSIC PUBLISHING (BRASIL) EDIÇÕES MUSICAIS LTDA,PROGRAMA DO RATINHO,3501,GRAVADO,PROGRAMA,23/02/2024,OI,BRUNO CALIMAN,LÉO MAGALHÃES,PERFORMANCE,100.00%,"836,65",oi,leo magalhaes,True,Relatório Solicitação
DIVERSAS,PROGRAMA DO RATINHO,3501,GRAVADO,PROGRAMA,23/02/2024,24 HORAS,BRUNO CALIMAN,LÉO MAGALHÃES,PERFORMANCE,100.00%,"836,65",24 horas,leo magalhaes,True,Relatório Solicitação
DIVERSAS,PROGRAMA DO RATINHO,3493,GRAVADO,PROGRAMA,13/02/2024,FOGO,KARIN HILLS / PABLO BISPO / RUXELL / SERGIO SANTOS / DOUGLAS CAMPOS,KARIN HILS,PERFORMANCE,70.00%,"585,66",fogo,karin hils,True,Relatório Solicitação
WARNER CHAPPELL EDIÇÕES MUSICAIS LTDA,PROGRAMA DO RATINHO,3493,GRAVADO,PROGRAMA,13/02/2024,FOGO,KARIN HILLS / PABLO BISPO / RUXELL / SERGIO SANTOS / DOUGLAS CAMPOS,KARIN HILS,PERFORMANCE,30.00%,"251,00",fogo,karin hils,True,Relatório Solicitação
DIVERSAS,PROGRAMA DO RATINHO,3493,GRAVADO,PROGRAMA,13/02/2024,FOGO,KARIN HILLS / PABLO BISPO / RUXELL / SERGIO SANTOS / DOUGLAS CAMPOS,KARI HILS,PERFORMANCE,70.00%,"585,66",fogo,kari hils,True,Relatório Solicitação
WARNER CHAPPELL EDIÇÕES MUSICAIS LTDA,PROGRAMA DO RATINHO,3493,GRAVADO,PROGRAMA,13/02/2024,FOGO,KARIN HILLS / PABLO BISPO / RUXELL / SERGIO SANTOS / DOUGLAS CAMPOS,KARI HILS,PERFORMANCE,30.00%,"251,00",fogo,kari hils,True,Relatório Solicitação
UNIVERSAL MUSIC PUBLISHING MGB BRASIL LTDA,PROGRAMA DO RATINHO,3494,GRAVADO,PROGRAMA,14/02/2024,DOMINGO,ALEXANDRE PIRES,NOVA BANDA DO RATINHO,PERFORMANCE,11.00%,"92,03",domingo,nova banda do ratinho,True,Relatório Solicitação
NOSSAMÚSICA PRODUÇÕES E EDIÇÕES MUSICAIS LTDA,PROGRAMA DO RATINHO,3494,GRAVADO,PROGRAMA,14/02/2024,DOMINGO,ALEXANDRE PIRES,NOVA BANDA DO RATINHO,PERFORMANCE,89.00%,"744,62",domingo,nova banda do ratinho,True,Relatório Solicitação
WARNER CHAPPELL EDIÇÕES MUSICAIS LTDA,PROGRAMA SILVIO SANTOS,817,GRAVADO,PROGRAMA,04/02/2024,PODEROSA,NELSON ALVES DAS NEVES FILHO,NATASCHA PIVA,PERFORMANCE,100.00%,"836,65",poderosa,natascha piva,True,Relatório Solicitação
UNIVERSAL MUSIC PUBLISHING MGB BRASIL LTDA,PROGRAMA SILVIO SANTOS,817,GRAVADO,PROGRAMA,04/02/2024,VERMELHO,GLORIA GROOVE / MC DALESTE / PABLO BISPO / RUXELL,GLORIA GROOVE,FUNDO MUSICAL,16.66%,"278,77",vermelho,gloria groove,True,Relatório Solicitação
WARNER CHAPPELL EDIÇÕES MUSICAIS LTDA,PROGRAMA SILVIO SANTOS,817,GRAVADO,PROGRAMA,04/02/2024,VERMELHO,GLORIA GROOVE / MC DALESTE / PABLO BISPO / RUXELL,GLORIA GROOVE,FUNDO MUSICAL,83.34%,"1394,54",vermelho,gloria groove,True,Relatório Solicitação
THIAGO ABDULAHAD NUNES RIOS ME,PROGRAMA SILVIO SANTOS (REPRISE),806,REPRISE,PROGRAMA,28/01/2024,MALVADA,RIVALDO SOARES / SHYLTON FERNANDES / BRENO LIMA,LUCAS GUEDEZ,PERFORMANCE,33.33%,130.31,malvada,lucas guedez,True,Relatório Solicitação
WARNER CHAPPELL EDIÇÕES MUSICAIS LTDA,PROGRAMA SILVIO SANTOS (REPRISE),806,REPRISE,PROGRAMA,28/01/2024,MALVADA,RIVALDO SOARES / SHYLTON FERNANDES / BRENO LIMA,LUCAS GUEDEZ,PERFORMANCE,66.67%,260.65,malvada,lucas guedez,True,Relatório Solicitação
DIVERSAS,DOMINGO LEGAL,1566,GRAVADO,PROGRAMA,14/01/2024,DEIXE QUEIMAR,Henrique Mendonça / Henrique Mendonça,HENRIQUE MENDONÇA,FUNDO MUSICAL,100.00%,1673.31,deixe queimar,henrique mendonca,True,Relatório Solicitação
PEERMUSIC DO BRASIL EDIÇÕES MUSICAIS LTDA,PROGRAMA SILVIO SANTOS (REPRISE),791,REPRISE,PROGRAMA,21/01/2024,BALMAIN,MC DANIEL / VINICIUS DOS SANTOS LESSA,MC DANIEL,PERFORMANCE,100.00%,390.96,balmain,mc daniel,True,Relatório Solicitação
DECK PRODUÇÕES ARTÍSTICAS LTDA,PROGRAMA DO RATINHO (REPRISE),3481,REPRISE,PROGRAMA,26/01/2024,SE JOGA,NALDO,NALDO,PERFORMANCE,100.00%,390.96,se joga,naldo,True,Relatório Solicitação
PEERMUSIC DO BRASIL EDIÇÕES MUSICAIS LTDA,PROGRAMA DO RATINHO (REPRISE),3466,REPRISE,PROGRAMA,05/01/2024,ME APAIXONEI,M SACCO / PINOCCHIO,MARCOS E BELUTTI,PERFORMANCE,100.00%,390.96,me apaixonei,marcos e belutti,True,Relatório Solicitação
PEERMUSIC DO BRASIL EDIÇÕES MUSICAIS LTDA,PROGRAMA DO RATINHO (REPRISE),3466,REPRISE,PROGRAMA,05/01/2024,CASA DE CABOCLO,CARLOS EDUARDO FERREIRA OLIVEIRA / GERALDO ANTONIO DE CARVALHO / LAUDARCY RICARDO DE OLIVEIRA,RICK E RENNER,PERFORMANCE,50.00%,195.48,casa de caboclo,rick e renner,True,Relatório Solicitação
WARNER CHAPPELL EDIÇÕES MUSICAIS LTDA,PROGRAMA DO RATINHO (REPRISE),3466,REPRISE,PROGRAMA,05/01/2024,CASA DE CABOCLO,CARLOS EDUARDO FERREIRA OLIVEIRA / GERALDO ANTONIO DE CARVALHO / LAUDARCY RICARDO DE OLIVEIRA,RICK E RENNER,PERFORMANCE,50.00%,195.48,casa de caboclo,rick e renner,True,Relatório Solicitação
WARNER CHAPPELL EDIÇÕES MUSICAIS LTDA,DOMINGO LEGAL (REPRISE),1567,REPRISE,PROGRAMA,21/01/2024,MORENA,BRENO CESAR LOLLI / DIEGO ITALLO RODRIGUES DE SOUZA / LUAN RAFAEL DOMINGOS SANTANA / LUCAS GONCALVES / SHYLTON FERNANDES SOUSA AQUINO,LUAN SANTANA,FUNDO MUSICAL,5.00%,39.1,morena,luan santana,True,Relatório Solicitação
DIVERSAS,DOMINGO LEGAL (REPRISE),1567,REPRISE,PROGRAMA,21/01/2024,MORENA,BRENO CESAR LOLLI / DIEGO ITALLO RODRIGUES DE SOUZA / LUAN RAFAEL DOMINGOS SANTANA / LUCAS GONCALVES / SHYLTON FERNANDES SOUSA AQUINO,LUAN SANTANA,FUNDO MUSICAL,95.00%,742.82,morena,luan santana,True,Relatório Solicitação
DIVERSAS,DOMINGO LEGAL (REPRISE),1566,REPRISE,PROGRAMA,14/01/2024,SE JOGA,Riva Amarante Nogueira Sandro / Silva Ronaldo Jorge Da,NALDO BENNY,FUNDO MUSICAL,100.00%,781.92,se joga,naldo benny,True,Relatório Solicitação
DIVERSAS,DOMINGO LEGAL,1568,GRAVADO,PROGRAMA,28/01/2024,VERMELHO,DANIEL GARCIA FELICIONE NAPOLEAO / MC DALESTE / PABLO BISPO / RUXELL,GLORIA GROOVE,PERFORMANCE,100.00%,836.65,vermelho,gloria groove,True,Relatório Solicitação
WARNER CHAPPELL EDIÇÕES MUSICAIS LTDA,PROGRAMA SILVIO SANTOS (REPRISE),799,REPRISE,PROGRAMA,28/01/2024,TETO DE VIDRO,PITTY,LEANDRO LOURENÇO SALERNO,FUNDO MUSICAL,100.00%,781.92,teto de vidro,leandro lourenco salerno,True,Relatório Solicitação
UNIVERSAL MUSIC PUBLISHING MGB BRASIL LTDA,PROGRAMA SILVIO SANTOS (REPRISE),786,REPRISE,PROGRAMA,28/01/2024,FELICIDADE,GABRIEL DE MOURA PASSOS / ANGELO VITOR SIMPLICIO DA SILVA / JORGE MARIO DA SILVA / JORGE LEANDRO PEREIRA DA SILVA,DJMIRORIZZO,FUNDO MUSICAL,50.00%,390.96,felicidade,djmirorizzo,True,Relatório Solicitação
WARNER CHAPPELL EDIÇÕES MUSICAIS LTDA,PROGRAMA SILVIO SANTOS (REPRISE),786,REPRISE,PROGRAMA,28/01/2024,FELICIDADE,GABRIEL DE MOURA PASSOS / ANGELO VITOR SIMPLICIO DA SILVA / JORGE MARIO DA SILVA / JORGE LEANDRO PEREIRA DA SILVA,DJMIRORIZZO,FUNDO MUSICAL,25.00%,195.48,felicidade,djmirorizzo,True,Relatório Solicitação
SONY MUSIC PUBLISHING (BRASIL) EDIÇÕES MUSICAIS LTDA,PROGRAMA SILVIO SANTOS (REPRISE),786,REPRISE,PROGRAMA,28/01/2024,FELICIDADE,GABRIEL DE MOURA PASSOS / ANGELO VITOR SIMPLICIO DA SILVA / JORGE MARIO DA SILVA / JORGE LEANDRO PEREIRA DA SILVA,DJMIRORIZZO,FUNDO MUSICAL,25.00%,195.48,felicidade,djmirorizzo,True,Relatório Solicitação
DIVERSAS,ELIANA (REPRISE),749,REPRISE,PROGRAMA,28/01/2024,DEJA VU,BEYONCE / RODNEY JERKINS / MAKEBA RIDDICK / JON WEBB / SHAWN CARTER / KELI PRICE / DELISHA THOMAS,LILI BEY,PERFORMANCE,5.82%,22.75,deja vu,lili bey,True,Relatório Solicitação
ABRAMUS DIGITAL SERV. IDENT. REPERTÓRIO,ELIANA (REPRISE),749,REPRISE,PROGRAMA,28/01/2024,DEJA VU,BEYONCE / RODNEY JERKINS / MAKEBA RIDDICK / JON WEBB / SHAWN CARTER / KELI PRICE / DELISHA THOMAS,LILI BEY,PERFORMANCE,5.84%,22.83,deja vu,lili bey,True,Relatório Solicitação
SONY MUSIC PUBLISHING (BRASIL) EDIÇÕES MUSICAIS LTDA,ELIANA (REPRISE),749,REPRISE,PROGRAMA,28/01/2024,DEJA VU,BEYONCE / RODNEY JERKINS / MAKEBA RIDDICK / JON WEBB / SHAWN CARTER / KELI PRICE / DELISHA THOMAS,LILI BEY,PERFORMANCE,88.34%,345.37,deja vu,lili bey,True,Relatório Solicitação
PEERMUSIC DO BRASIL EDIÇÕES MUSICAIS LTDA,ELIANA (REPRISE),749,REPRISE,PROGRAMA,28/01/2024,LISTEN,ANNE PREVEN / BEYONCE / HENRY KRIEGER / SCOTT MICHAEL CUTLER,LILI BEY,PERFORMANCE,75.86%,296.58,listen,lili bey,True,Relatório Solicitação
SONY MUSIC PUBLISHING (BRASIL) EDIÇÕES MUSICAIS LTDA,ELIANA (REPRISE),749,REPRISE,PROGRAMA,28/01/2024,LISTEN,ANNE PREVEN / BEYONCE / HENRY KRIEGER / SCOTT MICHAEL CUTLER,LILI BEY,PERFORMANCE,24.14%,94.38,listen,lili bey,True,Relatório Solicitação
WARNER CHAPPELL EDIÇÕES MUSICAIS LTDA,PROGRAMA SILVIO SANTOS (REPRISE),789,REPRISE,PROGRAMA,14/01/2024,BRISA,IZA / PABLO LUIZ BISPO / RUXELL / SERGIO SANTOS,BALÉ PROGRAMA SILVIO SANTOS,PERFORMANCE,75.00%,293.22,brisa,bale programa silvio santos,True,Relatório Solicitação
SONY MUSIC PUBLISHING (BRASIL) EDIÇÕES MUSICAIS LTDA,PROGRAMA SILVIO SANTOS (REPRISE),789,REPRISE,PROGRAMA,14/01/2024,BRISA,IZA / PABLO LUIZ BISPO / RUXELL / SERGIO SANTOS,BALÉ PROGRAMA SILVIO SANTOS,PERFORMANCE,25.00%,97.74,brisa,bale programa silvio santos,True,Relatório Solicitação
WARNER CHAPPELL EDIÇÕES MUSICAIS LTDA,PROGRAMA SILVIO SANTOS (REPRISE),798,REPRISE,PROGRAMA,14/01/2024,SÓ VOCÊ,VINICIUS CANTUARIA,FABIO JUNIOR,FUNDO MUSICAL,100.00%,781.92,so voce,fabio junior,True,Relatório Solicitação
BMG RIGHTS MANAGEMENT BRASIL LTDA,THE NOITE (REPRISE),2495,REPRISE,PROGRAMA,17/01/2024,FLY AWAY,LENY KRAVITZ,ULTRAJE A RIGOR,PERFORMANCE,100.00%,390.96,fly away,ultraje a rigor,True,Relatório Solicitação
UNIVERSAL MUSIC PUBLISHING MGB BRASIL LTDA,PROGRAMA RAUL GIL (REPRISE),688,REPRISE,PROGRAMA,06/01/2024,ERA UMA VEZ,KELL SMITH,LARA E KELL SMITH,PERFORMANCE,100.00%,390.96,era uma vez,lara e kell smith,True,Relatório Solicitação
SONY MUSIC PUBLISHING (BRASIL) EDIÇÕES MUSICAIS LTDA,PROGRAMA DO RATINHO (REPRISE),3471,REPRISE,PROGRAMA,12/01/2024,ESSE CARA SOU EU,ROBERTO CARLOS,FABIANO JUFFU,PERFORMANCE,100.00%,390.96,esse cara sou eu,fabiano juffu,True,Relatório Solicitação
THIAGO ABDULAHAD NUNES RIOS ME,PROGRAMA SILVIO SANTOS (REPRISE),806,REPRISE,PROGRAMA,28/01/2024,MALVADA,RIVALDO SOARES / SHYLTON FERNANDES / BRENO LIMA,LUCAS GUEDEZ,PERFORMANCE,33.33%,130.31,malvada,lucas guedez,True,Relatório Solicitação
WARNER CHAPPELL EDIÇÕES MUSICAIS LTDA,PROGRAMA SILVIO SANTOS (REPRISE),806,REPRISE,PROGRAMA,28/01/2024,MALVADA,RIVALDO SOARES / SHYLTON FERNANDES / BRENO LIMA,LUCAS GUEDEZ,PERFORMANCE,66.67%,260.65,malvada,lucas guedez,True,Relatório Solicitação
DIVERSAS,DOMINGO LEGAL,1566,GRAVADO,PROGRAMA,14/01/2024,DEIXE QUEIMAR,Henrique Mendonça / Henrique Mendonça,HENRIQUE MENDONÇA,FUNDO MUSICAL,100.00%,1673.31,deixe queimar,henrique mendonca,True,Relatório Solicitação
PEERMUSIC DO BRASIL EDIÇÕES MUSICAIS LTDA,PROGRAMA SILVIO SANTOS (REPRISE),791,REPRISE,PROGRAMA,21/01/2024,BALMAIN,MC DANIEL / VINICIUS DOS SANTOS LESSA,MC DANIEL,PERFORMANCE,100.00%,390.96,balmain,mc daniel,True,Relatório Solicitação
