provider,file,sheet,rows,found_columns
Aparecida,01-JAN2024-SINCRONIZACAO MUSICAL-TV APARECIDA.xlsx,Sincronização Musical,379,titulo_musica
Aparecida,03-MAR2024-SINCRONIZACAO MUSICAL-TV APARECIDA.xlsx,Sincronização Musical,408,titulo_musica
Aparecida,12-DEZ2023-SINCRONIZACAO MUSICAL-TV APARECIDA.xlsx,Sincronização Musical,515,titulo_musica
Band,Relatorio_UBEM band out2023.xls,Relatorio_UBEM,50,
Band,Relatório_UBEM_TV_Bandeirantes_Dezembro2024.xlsx,Relatorio_UBEM,329,
Band,Relatório_UBEM_TV_Bandeirantes_Dezembro2024_MelhorDaNoite.xlsx,Relatorio_UBEM,403,titulo_musica
Band,Relatório_UBEM_TV_Bandeirantes_Fevereiro2024.xls,Relatorio_UBEM,1024,
Band,Relatório_UBEM_TV_Bandeirantes_Janeiro2024.xls,Relatorio_UBEM,878,titulo_musica
Band,band UNIFICADO out dez 2023 jan fev 2024.xls,Relatorio_UBEM,2563,programa;data_exibicao;titulo_musica;autor;interprete;valor_editora_brl
Canal Brasil,Relatorio_CanalBrasil_Jan24.xlsx,CanalBrasil_Janeiro24,232,titulo_musica
Canal Brasil,Ubem_CanalBrasil_Fev24 (1).xlsx,CanalBrasil_Fevereiro24,276,titulo_musica
Canal Brasil,Ubem_CanalBrasil_Março24 (1).xlsx,Relatório UBEM - Canal Brasil,394,titulo_musica
Desconhecido,Ubem_MusicCueSheet_OriginaisGloboplay_Janeiro24.xlsx,MusicCueSheet_Globoplay_Jan24,77,data_exibicao;numero_programa;titulo_musica;autor;interprete;isrc
Globo,MusicCueSheet_TvAberta_Agosto2023.xlsx,MusicCueSheet_Agosto23,1505,data_exibicao;numero_programa;titulo_musica;autor;interprete
Globo,MusicCueSheet_TvAberta_Outubro2023.xlsx,MusicCueSheet_TvAberta_Out23,1307,data_exibicao;numero_programa;titulo_musica;autor;interprete
Globo,Relatorio_CanaisGlobo__Jan24.xlsx,CanaisGlobo_Janeiro24,10987,titulo_musica
Globo,Ubem_CanaisGlobo_Março24.xlsx,Relatório UBEM - Canais Globo,9144,titulo_musica
Globo,Ubem_MusicCueSheet_OriginaisGloboplay_Janeiro24.xlsx,MusicCueSheet_Globoplay_Jan24,77,data_exibicao;numero_programa;titulo_musica;autor;interprete;isrc
Globo,Ubem_MusicCueSheet_OriginaisGloboplay_Novembro23.xlsx,MusicCueSheet_Globoplay_Nov23,129,data_exibicao;numero_programa;titulo_musica;autor;interprete;isrc
Globo,Ubem_RelatórioGlobo_FEV24.xlsx,CanaisGlobo_Fevereiro24,8878,titulo_musica
Globo,CanalBrasil_Dezembro2023.xlsx,CanalBrasil_Dezembro2023,372,titulo_musica
Globo,CanalInternacional_Dezembro2023.xlsx,CanalInternacional_Dezembro2023,327,titulo_musica
Globo,CanalViva_Dezembro2023.xlsx,CanalViva_Dezembro2023,1504,titulo_musica
Globo,ConsolidadoClipes_Dezembro2023.xlsx,ConsolidadoClipes_Dez23,1654,titulo_musica
Globo,ConsolidadoDiversos_Dezembro2023.xlsx,ConsolidadoDiversos_Dezembro23,9056,titulo_musica
Globo,Globonews_Dezembro2023.xlsx,Globonews_Dezembro2023,222,titulo_musica
Globo,Globoplay_NovelasDeAcervo_Dezembro2023.xlsx,NovelasAcervo_Globoplay_Dez23,186,
Globo,Sportv_Dezembro2023.xlsx,Sportv_Dezembro2023,22,titulo_musica
Globo,TvAberta_Dezembro2023.xlsx,TvAberta_Dezembro2023,3848,titulo_musica
Globo,CanalBrasil_Novembro2023.xlsx,CanalBrasil_Novembro2023,110,titulo_musica
Globo,CanalInternacional_Novembro2023.xlsx,CanalInternacional_Novembro2023,218,titulo_musica
Globo,CanalViva_Novembro2023.xlsx,CanalViva_Novembro2023,1474,titulo_musica
Globo,ConsolidadoClipes_Novembro.xlsx,ConsolidadoClipes_Nov2023,1415,titulo_musica
Globo,ConsolidadoDiversos_Novembro2023.xlsx,TvFechada_Novembro2023,9222,titulo_musica
Globo,Globonews_Novembro2023.xlsx,Globonews_Novembro2023,42,titulo_musica
Globo,NovelasAcervo_Novembro2023.xlsx,Globoplay_Novembro2023,153,
Globo,Sportv_Novembro2023.xlsx,Sportv_Novembro2023,18,titulo_musica
Globo,TvAberta_Novembro2023.xlsx,TvAberta_Novembro2023,3161,titulo_musica
Globoplay,MusicCueSheet_OriginaisGloboplay_Outubro2023.xlsx,MusicCueSheet_Globoplay_Out2023,412,data_exibicao;numero_programa;titulo_musica;autor;interprete;isrc
Globoplay,Relatorio_Globoplay_Jan24.xlsx,Globoplay_Janeiro24,384,titulo_musica
Globoplay,Ubem_RelatórioGloboplay_Fev24.xlsx,Globoplay_Fevereiro24,32,titulo_musica
Record,Associação - Dezembro 2023.xlsb,ASSOCIAÇÕES,403,
Record,Associação -Janeiro 2024.xlsb,ASSOCIAÇÕES,109,
SBT,01. Solicitação janeiro 2024.xls,Relatório Solicitação,1281,titulo_musica
SBT,02. Solicitação fevereiro 2024.xls,Relatório Solicitação,1281,titulo_musica
SBT,11. Solicitação novembro 2023.xls,Relatório Solicitação,856,titulo_musica
SBT,12. Solicitação dezembro 2023.xls,Relatório Solicitação,775,titulo_musica
SBT,3. Solicitação Março 2024.xls,Relatório Solicitação,918,titulo_musica
SBT,Unificado SBT nov dez 23 e jan fev mar 24.xls,Relatório Solicitação,5096,programa;data_exibicao;numero_programa;titulo_musica;autor;interprete;percentual_editora;valor_editora_brl
Ubem Shark.xlsx,Ubem Shark.xlsx,Controle,61,
Ubem Shark.xlsx,Ubem Shark.xlsx,Página1,24,
