provider,file,sheet,programa,data_exibicao,numero_programa,exibicao_tipo,categoria_programa,titulo_musica,autor,interprete,tipo_sincronizacao,percentual_editora,valor_editora_brl,editora,gravadora,iswc,isrc,amount_cents,amount_int
Globo,Ubem_MusicCueSheet_OriginaisGloboplay_Novembro23.xlsx,MusicCueSheet_Globoplay_Nov23,,01/11/2023,3.0,,,OBLIVION,ASTOR PIAZZOLLA,ANTONIO PINTO,FULL MIX,,,A DESCOBRIR,GLOBO,,BC1GL2329229,0,0
Globo,Ubem_MusicCueSheet_OriginaisGloboplay_Novembro23.xlsx,MusicCueSheet_Globoplay_Nov23,,01/11/2023,3.0,,,GENTE ABERTA,"ERASMO CARLOS,ROBERTO CARLOS",ERASMO CARLOS,,,,"WARNER CHAPPELL,WARNER CHAPPELL",,,,0,0
Globo,Ubem_MusicCueSheet_OriginaisGloboplay_Novembro23.xlsx,MusicCueSheet_Globoplay_Nov23,,01/11/2023,4.0,,,BANDIDO CORAZON,RITA LEE,NEY MATOGROSSO,FULL MIX,,,WARNER CHAPPELL,WARNER,,BRWMB9804411,0,0
Globo,Ubem_MusicCueSheet_OriginaisGloboplay_Novembro23.xlsx,MusicCueSheet_Globoplay_Nov23,,01/11/2023,4.0,,,BANDIDO CORAZON,RITA LEE,NEY MATOGROSSO,,,,WARNER CHAPPELL,,,,0,0
Globo,Ubem_MusicCueSheet_OriginaisGloboplay_Novembro23.xlsx,MusicCueSheet_Globoplay_Nov23,,01/11/2023,4.0,,,CORACAO SELVAGEM,BELCHIOR,BELCHIOR,,,,FORTALEZA,WARNER MUSIC,,,0,0
Globo,Ubem_MusicCueSheet_OriginaisGloboplay_Novembro23.xlsx,MusicCueSheet_Globoplay_Nov23,,01/11/2023,4.0,,,STELLA,"FABIO,PAULO IMPERIAL",FABIO,FULL MIX,,,"FERMATA,FERMATA",SONY MUSIC,,BRBMG6900166,0,0
Globo,Ubem_MusicCueSheet_OriginaisGloboplay_Novembro23.xlsx,MusicCueSheet_Globoplay_Nov23,,01/11/2023,1.0,,,A LAPA DE ADAO E EVA,"CARLINHOS BAGUNCA,CARNAVAL,H O,PATRICIO,ZE DO CAVACO",NEGUINHO DA BEIJA FLOR,,,,"WARNER CHAPPELL,WARNER CHAPPELL,WARNER CHAPPELL,WARNER CHAPPELL,WARNER CHAPPELL",,,,0,0
Globo,Ubem_MusicCueSheet_OriginaisGloboplay_Novembro23.xlsx,MusicCueSheet_Globoplay_Nov23,,01/11/2023,1.0,,,SONHAR COM REI DA LEAO,"NEGUINHO DA BEIJA FLOR,NEGUINHO DA BEIJA FLOR",NEGUINHO DA BEIJA FLOR,,,,"SONY MUSIC PUBLISHING,WARNER CHAPPELL",,,,0,0
Globo,Ubem_MusicCueSheet_OriginaisGloboplay_Novembro23.xlsx,MusicCueSheet_Globoplay_Nov23,,01/11/2023,1.0,,,O ASTRO ILUMINADO DA COMUNICACAO BRASILEIRA,"ADILSON BRANDAO,DIOGO ROSA,JR BEIJA FLOR,JUNIOR TRINDADE,SIDNEY DE PILARES,ZE CARLOS",G.R.E.S. BEIJA FLOR DE NILOPOLIS,,,,"EDIMUSA,EDIMUSA,EDIMUSA,EDIMUSA,EDIMUSA,EDIMUSA",,,,0,0
Globo,Ubem_MusicCueSheet_OriginaisGloboplay_Novembro23.xlsx,MusicCueSheet_Globoplay_Nov23,,01/11/2023,1.0,,,TEM QUE SE TIRAR DA CABECA O QUE NAO SE TEM NO BOLSO,"BICHO DE PENA,JORGE MELODIA,MARCELO LESSA,PAULO EMILIO",GRES ACADEMICOS DO SALGUEIRO,,,,"EDIMUSA,EDIMUSA,EDIMUSA,EDIMUSA",,,,0,0
Globo,Ubem_MusicCueSheet_OriginaisGloboplay_Novembro23.xlsx,MusicCueSheet_Globoplay_Nov23,,01/11/2023,1.0,,,TEM QUE SE TIRAR DA CABECA O QUE NAO SE TEM NO BOLSO,"BICHO DE PENA,JORGE MELODIA,MARCELO LESSA,PAULO EMILIO",GRES ACADEMICOS DO SALGUEIRO,,,,"EDIMUSA,EDIMUSA,EDIMUSA,EDIMUSA",,,,0,0
Globo,Ubem_MusicCueSheet_OriginaisGloboplay_Novembro23.xlsx,MusicCueSheet_Globoplay_Nov23,,01/11/2023,1.0,,,KIZOMBA FESTA DA RACA,"JONAS,LUIZ CARLOS DA VILA,RODOLFO",GRES UNIDOS DE VILA ISABEL,,,,"EDIMUSA,EDIMUSA,EDIMUSA",,,,0,0
Globo,Ubem_MusicCueSheet_OriginaisGloboplay_Novembro23.xlsx,MusicCueSheet_Globoplay_Nov23,,01/11/2023,2.0,,,PEGUEI UM ITA NO NORTE,"ARIZAO,BALA,CELSO TRINDADE,DEMA CHAGAS,GUARACY",GRES ACADEMICOS DO SALGUEIRO,,,,"EDIMUSA,EDIMUSA,EDIMUSA,EDIMUSA,EDIMUSA",,,,0,0
Globo,Ubem_MusicCueSheet_OriginaisGloboplay_Novembro23.xlsx,MusicCueSheet_Globoplay_Nov23,,01/11/2023,2.0,,,A CANA QUE AQUI SE PLANTA TUDO DA ATE ENERGIA ALCOOL O COMBUSTIVEL DO ...,"LEONEL,LUIZINHO PROFESSOR,PROFESSOR NEWTAO,QUINHO,SERGINHO 20,SIDNEY SA",GRES ACADEMICOS DO SALGUEIRO,,,,"EDIMUSA,EDIMUSA,EDIMUSA,EDIMUSA,EDIMUSA,EDIMUSA",,,,0,0
Globo,Ubem_MusicCueSheet_OriginaisGloboplay_Novembro23.xlsx,MusicCueSheet_Globoplay_Nov23,,01/11/2023,2.0,,,A CANA QUE AQUI SE PLANTA TUDO DA ATE ENERGIA ALCOOL O COMBUSTIVEL DO ...,"LEONEL,LUIZINHO PROFESSOR,PROFESSOR NEWTAO,QUINHO,SERGINHO 20,SIDNEY SA",GRES ACADEMICOS DO SALGUEIRO,,,,"EDIMUSA,EDIMUSA,EDIMUSA,EDIMUSA,EDIMUSA,EDIMUSA",,,,0,0
Globo,Ubem_MusicCueSheet_OriginaisGloboplay_Novembro23.xlsx,MusicCueSheet_Globoplay_Nov23,,01/11/2023,3.0,,,SALGUEIRO NO MAR DE XARAYES E PANTANAL E CARNAVAL,"AUGUSTO,NEGO,ROCCO FILHO,ZE CARLOS DA SAARA",GRES ACADEMICOS DO SALGUEIRO,,,,"EDIMUSA,EDIMUSA,EDIMUSA,EDIMUSA",,,,0,0
Globo,Ubem_MusicCueSheet_OriginaisGloboplay_Novembro23.xlsx,MusicCueSheet_Globoplay_Nov23,,01/11/2023,4.0,,,O SOM DA COR,"ARTUR DAS FERRAGENS,BRAGUINHA,DANILO GARCIA,GUSTAVINHO OLIVEIRA,JULIO ALVES,RAFAEL ZIMMERMANN",GRES UNIDOS DE VILA ISABEL,,,,"EDIMUSA,EDIMUSA,EDIMUSA,EDIMUSA,EDIMUSA,EDIMUSA",,,,0,0
Globo,Ubem_MusicCueSheet_OriginaisGloboplay_Novembro23.xlsx,MusicCueSheet_Globoplay_Nov23,,01/11/2023,6.0,,,AS MIL E UMA NOITES DE UMA MOCIDADE PRA LA DE MARRAKECH,"ALTAY VELOSO,ANDRE BAIACU,DADINHO,FABIO BORGES,GUSTAVO SOARES,J GIOVANNI,PAULO CESAR FEITAL,THIAGO MEINERS,ZE GLORIA,ZE PAULO SIERRA",G.R.E.S. MOCIDADE INDEPENDENTE DE PADRE MIGUEL,,,,"EDIMUSA,EDIMUSA,EDIMUSA,EDIMUSA,EDIMUSA,EDIMUSA,EDIMUSA,EDIMUSA,EDIMUSA,EDIMUSA",,,,0,0
Globo,Ubem_MusicCueSheet_OriginaisGloboplay_Novembro23.xlsx,MusicCueSheet_Globoplay_Nov23,,01/11/2023,7.0,,,O VENTO CORTA AS TERRAS DOS PAMPAS EM NOME DO PAI DO FILHO E DO ...,"ADILSON CHINA,DOMINGOS PS,J C COELHO,JORGINHO MOREIRA,PAULINHO ROCHA,R ALVES,RIBEIRINHO,SERGINHO SUMARE,SIDNEY DE PILARES,WALNEI ROCHA,ZEQUINHA DO CAVACO",NEGUINHO DA BEIJA FLOR,,,,"EDIMUSA,EDIMUSA,EDIMUSA,EDIMUSA,EDIMUSA,EDIMUSA,EDIMUSA,EDIMUSA,EDIMUSA,EDIMUSA,EDIMUSA",,,,0,0
Globo,Ubem_MusicCueSheet_OriginaisGloboplay_Novembro23.xlsx,MusicCueSheet_Globoplay_Nov23,,08/11/2023,5.0,,,TUDO BLUE,"FAUSTO NILO,PEPEU GOMES",BABY CONSUELO,FULL MIX,,,"WARNER CHAPPELL,WARNER CHAPPELL",WARNER,,BRWMB9705633,0,0
Globo,Ubem_MusicCueSheet_OriginaisGloboplay_Novembro23.xlsx,MusicCueSheet_Globoplay_Nov23,,08/11/2023,5.0,,,SONO COME TU MI VUOI,"ANTONIO AMURRI,BRUNO CANFORA",MINA,FULL MIX,,,"DUBAS,DUBAS",PEERMUSIC,,ITA646800143,0,0
Globo,Ubem_MusicCueSheet_OriginaisGloboplay_Novembro23.xlsx,MusicCueSheet_Globoplay_Nov23,,08/11/2023,5.0,,,ACENDA O FAROL,TIM MAIA,TIM MAIA,FULL MIX,,,SEROMA,WARNER,,BRWMB9802482,0,0
Globo,Ubem_MusicCueSheet_OriginaisGloboplay_Novembro23.xlsx,MusicCueSheet_Globoplay_Nov23,,08/11/2023,5.0,,,ACENDA O FAROL,TIM MAIA,TIM MAIA,FULL MIX,,,SEROMA,WARNER,,BRWMB9802482,0,0
Globo,Ubem_MusicCueSheet_OriginaisGloboplay_Novembro23.xlsx,MusicCueSheet_Globoplay_Nov23,,08/11/2023,5.0,,,QUE LOUCURA,LUIZ CARLINI,RITA LEE,FULL MIX,,,WARNER CHAPPELL,UNIVERSAL MUSIC,,BREMI7800662,0,0
Globo,Ubem_MusicCueSheet_OriginaisGloboplay_Novembro23.xlsx,MusicCueSheet_Globoplay_Nov23,,08/11/2023,5.0,,,QUE LOUCURA,LUIZ CARLINI,RITA LEE,FULL MIX,,,WARNER CHAPPELL,UNIVERSAL MUSIC,,BREMI7800662,0,0
Globo,Ubem_MusicCueSheet_OriginaisGloboplay_Novembro23.xlsx,MusicCueSheet_Globoplay_Nov23,,08/11/2023,6.0,,,DISCO INFERNO,"LEROY GREEN,RON KERSEY",THE TRAMMPS,FULL MIX,,,"ROCKING GORILLAS,ROCKING GORILLAS",WARNER,,USAT20300384,0,0
Globo,Ubem_MusicCueSheet_OriginaisGloboplay_Novembro23.xlsx,MusicCueSheet_Globoplay_Nov23,,08/11/2023,6.0,,,A FELICIDADE BATE A SUA PORTA,GONZAGUINHA,AS FRENETICAS,FULL MIX,,,MOLEQUE,WARNER MUSIC,,BRWMB9900357,0,0
Globo,Ubem_MusicCueSheet_OriginaisGloboplay_Novembro23.xlsx,MusicCueSheet_Globoplay_Nov23,,13/11/2023,1.0,,,HINO DO FLAMENGO,LAMARTINE BABO,BANDA DA BOATE,,,,FERMATA,,,,0,0
Globo,Ubem_MusicCueSheet_OriginaisGloboplay_Novembro23.xlsx,MusicCueSheet_Globoplay_Nov23,,13/11/2023,1.0,,,ABELARDO BARBOSA,MIGUEL GUSTAVO,CHACRINHA,,,,ADDAF,,,,0,0
Globo,Ubem_MusicCueSheet_OriginaisGloboplay_Novembro23.xlsx,MusicCueSheet_Globoplay_Nov23,,14/11/2023,2.0,,,INSENSATO DESTINO,"ACYR MARQUES,CHIQUINHO,MAURICIO LINS",AMIGOS DO ROBERTO DINAMITE,,,,"WARNER CHAPPELL,WARNER CHAPPELL,WARNER CHAPPELL",,,,0,0
Globo,Ubem_MusicCueSheet_OriginaisGloboplay_Novembro23.xlsx,MusicCueSheet_Globoplay_Nov23,,14/11/2023,14112023.0,,,TEMA DA VITORIA,EDUARDO SOUTO,EDUARDO SOUTO NETO,,,,SIGEM,GLOBO,,,0,0
Globo,Ubem_MusicCueSheet_OriginaisGloboplay_Novembro23.xlsx,MusicCueSheet_Globoplay_Nov23,,14/11/2023,14112023.0,,,CONTAS DO ROSARIO,TITA REIS,PASTORAS DO ROSARIO,,,,TITA REIS,,,,0,0
Globo,Ubem_MusicCueSheet_OriginaisGloboplay_Novembro23.xlsx,MusicCueSheet_Globoplay_Nov23,,14/11/2023,14112023.0,,,NAO ABRA A PORTA,"JHONY GUIMA,RENATO GAMA,RONALDO GAMA",PASTORAS DO ROSARIO,,,,"JHONY GUIMA,RENATO GAMA,RONALDO GAMA",,,,0,0
Globo,Ubem_MusicCueSheet_OriginaisGloboplay_Novembro23.xlsx,MusicCueSheet_Globoplay_Nov23,,14/11/2023,14112023.0,,,O REI SAMBOU,RENATO GAMA,PASTORAS DO ROSARIO,,,,RENATO GAMA,,,,0,0
Globo,Ubem_MusicCueSheet_OriginaisGloboplay_Novembro23.xlsx,MusicCueSheet_Globoplay_Nov23,,14/11/2023,14112023.0,,,CRIANCAS,COCAO AVOZ,COCAO AVOZ,,,,COCAO AVOZ,,,,0,0
Globo,Ubem_MusicCueSheet_OriginaisGloboplay_Novembro23.xlsx,MusicCueSheet_Globoplay_Nov23,,14/11/2023,14112023.0,,,CONTAS DO ROSARIO,TITA REIS,PASTORAS DO ROSARIO,,,,TITA REIS,,,,0,0
Globo,Ubem_MusicCueSheet_OriginaisGloboplay_Novembro23.xlsx,MusicCueSheet_Globoplay_Nov23,,14/11/2023,14112023.0,,,O REI SAMBOU,RENATO GAMA,PASTORAS DO ROSARIO,,,,RENATO GAMA,,,,0,0
Globo,Ubem_MusicCueSheet_OriginaisGloboplay_Novembro23.xlsx,MusicCueSheet_Globoplay_Nov23,,14/11/2023,14112023.0,,,SAMBA DO ARNESTO,"ADONIRAN BARBOSA,ALOCIN",DEMONIOS DA GAROA,,,,"VITALE,VITALE",,,,0,0
Globo,Ubem_MusicCueSheet_OriginaisGloboplay_Novembro23.xlsx,MusicCueSheet_Globoplay_Nov23,,15/11/2023,7.0,,,BLACK COCO,"LINCOLN OLIVETTI,RONALDO",PAINEL DE CONTROLE,FULL MIX,,,"UNIVERSAL MGB,UNIVERSAL MGB",SUNSET ENTRETENIMENTO,,BX4E52016114,0,0
Globo,Ubem_MusicCueSheet_OriginaisGloboplay_Novembro23.xlsx,MusicCueSheet_Globoplay_Nov23,,15/11/2023,7.0,,,RING MY BELL,FREDERICK KNIGHT,ANITA WARD,FULL MIX,,,PEERMUSIC,COUCH AND MADISON,,USJR30200001,0,0
Globo,Ubem_MusicCueSheet_OriginaisGloboplay_Novembro23.xlsx,MusicCueSheet_Globoplay_Nov23,,15/11/2023,7.0,,,I FEEL LOVE,"DONNA SUMMER,GIORGIO MORODER,PETE BELLOTTE",DONA SUMMER,FULL MIX,,,"WARNER CHAPPELL,WARNER CHAPPELL,WARNER CHAPPELL",UNIVERSAL MUSIC,,USUR10400077,0,0
Globo,Ubem_MusicCueSheet_OriginaisGloboplay_Novembro23.xlsx,MusicCueSheet_Globoplay_Nov23,,15/11/2023,7.0,,,MINNIE THE MOOCHER,"CAB CALLOWAY,IRVING MILLS",ELENCO,,,,"SONY MUSIC PUBLISHING,SONY MUSIC PUBLISHING",,,,0,0
Globo,Ubem_MusicCueSheet_OriginaisGloboplay_Novembro23.xlsx,MusicCueSheet_Globoplay_Nov23,,15/11/2023,7.0,,,I FEEL LOVE,"DONNA SUMMER,GIORGIO MORODER,PETE BELLOTTE",DONA SUMMER,FULL MIX,,,"WARNER CHAPPELL,WARNER CHAPPELL,WARNER CHAPPELL",UNIVERSAL MUSIC,,USUR10400077,0,0
Globo,Ubem_MusicCueSheet_OriginaisGloboplay_Novembro23.xlsx,MusicCueSheet_Globoplay_Nov23,,15/11/2023,7.0,,,DESABAFO,"ERASMO CARLOS,ROBERTO CARLOS","ROBERTO CARLOS, MARIA BETHANIA",,,,"SONY MUSIC PUBLISHING,SONY MUSIC PUBLISHING",,,,0,0
Globo,Ubem_MusicCueSheet_OriginaisGloboplay_Novembro23.xlsx,MusicCueSheet_Globoplay_Nov23,,15/11/2023,8.0,,,O ABRE ALAS,CHIQUINHA GONZAGA,NÃO IDENTIFICADO,,,,DP,,,,0,0
Globo,Ubem_MusicCueSheet_OriginaisGloboplay_Novembro23.xlsx,MusicCueSheet_Globoplay_Nov23,,15/11/2023,8.0,,,CABELEIRA DO ZEZE,"JOAO ROBERTO KELLY,ROBERTO FAISSAL",ELENCO,,,,"VITALE,VITALE",,,,0,0
Globo,Ubem_MusicCueSheet_OriginaisGloboplay_Novembro23.xlsx,MusicCueSheet_Globoplay_Nov23,,15/11/2023,8.0,,,CABELEIRA DO ZEZE,"JOAO ROBERTO KELLY,ROBERTO FAISSAL",ELENCO,,,,"VITALE,VITALE",,,,0,0
Globo,Ubem_MusicCueSheet_OriginaisGloboplay_Novembro23.xlsx,MusicCueSheet_Globoplay_Nov23,,15/11/2023,8.0,,,O ABRE ALAS,CHIQUINHA GONZAGA,NÃO IDENTIFICADO,,,,DP,,,,0,0
Globo,Ubem_MusicCueSheet_OriginaisGloboplay_Novembro23.xlsx,MusicCueSheet_Globoplay_Nov23,,15/11/2023,8.0,,,CHICO BUARQUE DA MANGUEIRA,"CARLINHOS DAS CAMISAS,NELSON CSIPAI,NELSON DALLA ROSA,VILAS BOAS",NÃO IDENTIFICADO,,,,"EDIMUSA,EDIMUSA,EDIMUSA,EDIMUSA",,,,0,0
Globo,Ubem_MusicCueSheet_OriginaisGloboplay_Novembro23.xlsx,MusicCueSheet_Globoplay_Nov23,,15/11/2023,8.0,,,O ABRE ALAS,CHIQUINHA GONZAGA,ELENCO,,,,DP,,,,0,0
Globo,Ubem_MusicCueSheet_OriginaisGloboplay_Novembro23.xlsx,MusicCueSheet_Globoplay_Nov23,,15/11/2023,3.0,,,DE GAMA A VASCO A EPOPEIA DA TIJUCA,"ADALTO MAGALHA,ADILSON GAVIAO,MARCIO PAIVA,SERGINHO DO PORTO",G.R.E.S. UNIDOS DA TIJUCA (RJ) - OSWALDO JARDIM,,,,"EDIMUSA,EDIMUSA,EDIMUSA,EDIMUSA",,,,0,0
Globo,Ubem_MusicCueSheet_OriginaisGloboplay_Novembro23.xlsx,MusicCueSheet_Globoplay_Nov23,,15/11/2023,3.0,,,HINO DO VASCO DA GAMA,LAMARTINE BABO,INSTRUMENTAL,,,,FERMATA,,,,0,0
Globo,Ubem_MusicCueSheet_OriginaisGloboplay_Novembro23.xlsx,MusicCueSheet_Globoplay_Nov23,,15/11/2023,3.0,,,A NAMORADA,CARLINHOS BROWN,CARLINHOS BROWN,,,,SONY MUSIC PUBLISHING,,,,0,0
Globo,Ubem_MusicCueSheet_OriginaisGloboplay_Novembro23.xlsx,MusicCueSheet_Globoplay_Nov23,,20/11/2023,1.0,,,INVISIVEL,"FILIPE CARTAXO,MARCELO SEKO,ROBERTO BARRETO,RUSSO PASSAPUSSO",BAIANA SYSTEM,,,,"UNIVERSAL MGB,UNIVERSAL MGB,UNIVERSAL MGB,UNIVERSAL MGB",,,,0,0
Globo,Ubem_MusicCueSheet_OriginaisGloboplay_Novembro23.xlsx,MusicCueSheet_Globoplay_Nov23,,20/11/2023,1.0,,,MALUNGUINHO,GUITINHO DA XAMBA,GRUPO BONGAR,,,,GRUPO BONGAR,,,,0,0
Globo,Ubem_MusicCueSheet_OriginaisGloboplay_Novembro23.xlsx,MusicCueSheet_Globoplay_Nov23,,20/11/2023,1.0,,,KIZOMBA FESTA DA RACA,"JONAS,LUIZ CARLOS DA VILA,RODOLFO",ELENCO,,,,"EDIMUSA,EDIMUSA,EDIMUSA",,,,0,0
Globo,Ubem_MusicCueSheet_OriginaisGloboplay_Novembro23.xlsx,MusicCueSheet_Globoplay_Nov23,,20/11/2023,1.0,,,MALUNGUINHO,GUITINHO DA XAMBA,GRUPO BONGAR,,,,GRUPO BONGAR,,,,0,0
Globo,Ubem_MusicCueSheet_OriginaisGloboplay_Novembro23.xlsx,MusicCueSheet_Globoplay_Nov23,,20/11/2023,1.0,,,OLHO DE TIGRE,"DJONGA,LUCAS MALAK,MALIVE MUSIC,SLIM","DJONGA, LARISSA LUZ",,,,"CEIA ENT.,CEIA ENT.,CEIA ENT.,CEIA ENT.",,,,0,0
Globo,Ubem_MusicCueSheet_OriginaisGloboplay_Novembro23.xlsx,MusicCueSheet_Globoplay_Nov23,,21/11/2023,2.0,,,CHICO PARAUE,DESCONHECIDO,ELENCO,FULL MIX,,,DP,,,,0,0
Globo,Ubem_MusicCueSheet_OriginaisGloboplay_Novembro23.xlsx,MusicCueSheet_Globoplay_Nov23,,21/11/2023,2.0,,,INVISIVEL,"FILIPE CARTAXO,MARCELO SEKO,ROBERTO BARRETO,RUSSO PASSAPUSSO",BAIANA SYSTEM,,,,"UNIVERSAL MGB,UNIVERSAL MGB,UNIVERSAL MGB,UNIVERSAL MGB",,,,0,0
Globo,Ubem_MusicCueSheet_OriginaisGloboplay_Novembro23.xlsx,MusicCueSheet_Globoplay_Nov23,,21/11/2023,2.0,,,CHICO PARAUE,DESCONHECIDO,ELENCO,FULL MIX,,,DP,,,,0,0
Globo,Ubem_MusicCueSheet_OriginaisGloboplay_Novembro23.xlsx,MusicCueSheet_Globoplay_Nov23,,21/11/2023,2.0,,,CHICO PARAUE,DESCONHECIDO,ELENCO,FULL MIX,,,DP,,,,0,0
Globo,Ubem_MusicCueSheet_OriginaisGloboplay_Novembro23.xlsx,MusicCueSheet_Globoplay_Nov23,,21/11/2023,2.0,,,CHICO PARAUE,DESCONHECIDO,ELENCO,FULL MIX,,,DP,,,,0,0
Globo,Ubem_MusicCueSheet_OriginaisGloboplay_Novembro23.xlsx,MusicCueSheet_Globoplay_Nov23,,21/11/2023,2.0,,,HISTORIA ANTIGA,ZE MANOEL,ELENCO,,,,WARNER CHAPPELL,,,,0,0
Globo,Ubem_MusicCueSheet_OriginaisGloboplay_Novembro23.xlsx,MusicCueSheet_Globoplay_Nov23,,21/11/2023,2.0,,,MENINO,"MILTON NASCIMENTO,RONALDO BASTOS",ELENCO,,,,"SONY MUSIC PUBLISHING,TRES PONTAS",,,,0,0
Globo,Ubem_MusicCueSheet_OriginaisGloboplay_Novembro23.xlsx,MusicCueSheet_Globoplay_Nov23,,21/11/2023,2.0,,,NAO TEM NADA MAIS VALIOSO QUE A CAPOEIRA,MESTRE PINDURA,ELENCO,FULL MIX,,,DP,,,,0,0
Globo,Ubem_MusicCueSheet_OriginaisGloboplay_Novembro23.xlsx,MusicCueSheet_Globoplay_Nov23,,21/11/2023,2.0,,,NAO TEM NADA MAIS VALIOSO QUE A CAPOEIRA,MESTRE PINDURA,ELENCO,FULL MIX,,,DP,,,,0,0
Globo,Ubem_MusicCueSheet_OriginaisGloboplay_Novembro23.xlsx,MusicCueSheet_Globoplay_Nov23,,21/11/2023,2.0,,,NAO TEM NADA MAIS VALIOSO QUE A CAPOEIRA,MESTRE PINDURA,ELENCO,FULL MIX,,,DP,,,,0,0
Globo,Ubem_MusicCueSheet_OriginaisGloboplay_Novembro23.xlsx,MusicCueSheet_Globoplay_Nov23,,22/11/2023,9.0,,,A FELICIDADE,"TOM JOBIM,VINICIUS DE MORAES","MARIA CREUZA, TOQUINHO, VINICIUS DE MORAES",FULL MIX,,,"JOBIM MUSIC,FERMATA",SOM LIVRE,,ARA940600002,0,0
Globo,Ubem_MusicCueSheet_OriginaisGloboplay_Novembro23.xlsx,MusicCueSheet_Globoplay_Nov23,,22/11/2023,9.0,,,OBLIVION,ASTOR PIAZZOLLA,ANTONIO PINTO,FULL MIX,,,A DESCOBRIR,GLOBO,,BC1GL2329229,0,0
Globo,Ubem_MusicCueSheet_OriginaisGloboplay_Novembro23.xlsx,MusicCueSheet_Globoplay_Nov23,,22/11/2023,9.0,,,EV RY TIME WE SAY GOODBYE,COLE PORTER,ELLA FITZGERALD,FULL MIX,,,WARNER CHAPPELL,UNIVERSAL MUSIC,,USF095600110,0,0
Globo,Ubem_MusicCueSheet_OriginaisGloboplay_Novembro23.xlsx,MusicCueSheet_Globoplay_Nov23,,22/11/2023,9.0,,,BORN TO BE ALIVE,PATRICK HERNANDEZ,PATRICK HERNANDEZ,FULL MIX,,,SATURN PHL,VAN LOO MUSIC,,FRX957900007,0,0
Globo,Ubem_MusicCueSheet_OriginaisGloboplay_Novembro23.xlsx,MusicCueSheet_Globoplay_Nov23,,22/11/2023,9.0,,,BORN TO BE ALIVE,PATRICK HERNANDEZ,PATRICK HERNANDEZ,FULL MIX,,,SATURN PHL,VAN LOO MUSIC,,FRX957900007,0,0
Globo,Ubem_MusicCueSheet_OriginaisGloboplay_Novembro23.xlsx,MusicCueSheet_Globoplay_Nov23,,22/11/2023,10.0,,,OBLIVION,ASTOR PIAZZOLLA,ANTONIO PINTO,FULL MIX,,,A DESCOBRIR,GLOBO,,BC1GL2329229,0,0
Globo,Ubem_MusicCueSheet_OriginaisGloboplay_Novembro23.xlsx,MusicCueSheet_Globoplay_Nov23,,22/11/2023,10.0,,,DIVINO MARAVILHOSO,"CAETANO VELOSO,GILBERTO GIL",ELENCO,,,,"WARNER CHAPPELL,SONY MUSIC PUBLISHING",,,,0,0
Globo,Ubem_MusicCueSheet_OriginaisGloboplay_Novembro23.xlsx,MusicCueSheet_Globoplay_Nov23,,22/11/2023,10.0,,,O ABRE ALAS,CHIQUINHA GONZAGA,NÃO IDENTIFICADO,,,,DP,,,,0,0
Globo,Ubem_MusicCueSheet_OriginaisGloboplay_Novembro23.xlsx,MusicCueSheet_Globoplay_Nov23,,22/11/2023,10.0,,,DIVINO MARAVILHOSO,"CAETANO VELOSO,GILBERTO GIL",GAL COSTA,FULL MIX,,,"WARNER CHAPPELL,SONY MUSIC PUBLISHING",UNIVERSAL MUSIC,,BRPGD6900011,0,0
Globo,Ubem_MusicCueSheet_OriginaisGloboplay_Novembro23.xlsx,MusicCueSheet_Globoplay_Nov23,,22/11/2023,3.0,,,INVISIVEL,"FILIPE CARTAXO,MARCELO SEKO,ROBERTO BARRETO,RUSSO PASSAPUSSO",BAIANA SYSTEM,,,,"UNIVERSAL MGB,UNIVERSAL MGB,UNIVERSAL MGB,UNIVERSAL MGB",,,,0,0
Globo,Ubem_MusicCueSheet_OriginaisGloboplay_Novembro23.xlsx,MusicCueSheet_Globoplay_Nov23,,22/11/2023,3.0,,,OGUM IARA,AUTOR DESCONHECIDO,ELENCO,,,,DP,,,,0,0
Globo,Ubem_MusicCueSheet_OriginaisGloboplay_Novembro23.xlsx,MusicCueSheet_Globoplay_Nov23,,22/11/2023,3.0,,,100 ANOS DE LIBERDADE REALIDADE OU ILUSAO,"ALVINHO,HELIO TURCO,JURANDIR","DJONGA, LARISSA LUZ",,,,"EDIMUSA,EDIMUSA,EDIMUSA",,,,0,0
Globo,Ubem_MusicCueSheet_OriginaisGloboplay_Novembro23.xlsx,MusicCueSheet_Globoplay_Nov23,,22/11/2023,3.0,,,100 ANOS DE LIBERDADE REALIDADE OU ILUSAO,"ALVINHO,HELIO TURCO,JURANDIR","DJONGA, LARISSA LUZ",,,,"EDIMUSA,EDIMUSA,EDIMUSA",,,,0,0
Globo,Ubem_MusicCueSheet_OriginaisGloboplay_Novembro23.xlsx,MusicCueSheet_Globoplay_Nov23,,22/11/2023,3.0,,,100 ANOS DE LIBERDADE REALIDADE OU ILUSAO,"ALVINHO,HELIO TURCO,JURANDIR","DJONGA, LARISSA LUZ",,,,"EDIMUSA,EDIMUSA,EDIMUSA",,,,0,0
Globo,Ubem_MusicCueSheet_OriginaisGloboplay_Novembro23.xlsx,MusicCueSheet_Globoplay_Nov23,,23/11/2023,4.0,,,OS ESCRAVOS DE JO,"FERNANDO BRANT,MILTON NASCIMENTO",ELENCO,,,,"TRES PONTAS,SONY MUSIC PUBLISHING",,,,0,0
Globo,Ubem_MusicCueSheet_OriginaisGloboplay_Novembro23.xlsx,MusicCueSheet_Globoplay_Nov23,,23/11/2023,4.0,,,INVISIVEL,"FILIPE CARTAXO,MARCELO SEKO,ROBERTO BARRETO,RUSSO PASSAPUSSO",BAIANA SYSTEM,,,,"UNIVERSAL MGB,UNIVERSAL MGB,UNIVERSAL MGB,UNIVERSAL MGB",,,,0,0
Globo,Ubem_MusicCueSheet_OriginaisGloboplay_Novembro23.xlsx,MusicCueSheet_Globoplay_Nov23,,23/11/2023,4.0,,,OS ESCRAVOS DE JO,"FERNANDO BRANT,MILTON NASCIMENTO","DJONGA, LARISSA LUZ",,,,"TRES PONTAS,SONY MUSIC PUBLISHING",,,,0,0
Globo,Ubem_MusicCueSheet_OriginaisGloboplay_Novembro23.xlsx,MusicCueSheet_Globoplay_Nov23,,23/11/2023,4.0,,,OS ESCRAVOS DE JO,"FERNANDO BRANT,MILTON NASCIMENTO","DJONGA, LARISSA LUZ",,,,"TRES PONTAS,SONY MUSIC PUBLISHING",,,,0,0
Globo,Ubem_MusicCueSheet_OriginaisGloboplay_Novembro23.xlsx,MusicCueSheet_Globoplay_Nov23,,23/11/2023,4.0,,,OS ESCRAVOS DE JO,"FERNANDO BRANT,MILTON NASCIMENTO",ELENCO,,,,"TRES PONTAS,SONY MUSIC PUBLISHING",,,,0,0
Globo,Ubem_MusicCueSheet_OriginaisGloboplay_Novembro23.xlsx,MusicCueSheet_Globoplay_Nov23,,23/11/2023,4.0,,,DEUS HA DE SER,PEDRO LUIS,"DJONGA, LARISSA LUZ",,,,WARNER CHAPPELL,,,,0,0
Globo,Ubem_MusicCueSheet_OriginaisGloboplay_Novembro23.xlsx,MusicCueSheet_Globoplay_Nov23,,23/11/2023,4.0,,,DEUS HA DE SER,PEDRO LUIS,"DJONGA, LARISSA LUZ",,,,WARNER CHAPPELL,,,,0,0
Globo,Ubem_MusicCueSheet_OriginaisGloboplay_Novembro23.xlsx,MusicCueSheet_Globoplay_Nov23,,23/11/2023,4.0,,,DEUS HA DE SER,PEDRO LUIS,"DJONGA, LARISSA LUZ",,,,WARNER CHAPPELL,,,,0,0
Globo,Ubem_MusicCueSheet_OriginaisGloboplay_Novembro23.xlsx,MusicCueSheet_Globoplay_Nov23,,23/11/2023,4.0,,,DEUS HA DE SER,PEDRO LUIS,ELENCO,,,,WARNER CHAPPELL,,,,0,0
Globo,Ubem_MusicCueSheet_OriginaisGloboplay_Novembro23.xlsx,MusicCueSheet_Globoplay_Nov23,,23/11/2023,4.0,,,DEUS HA DE SER,PEDRO LUIS,"DJONGA, LARISSA LUZ",,,,WARNER CHAPPELL,,,,0,0
Globo,Ubem_MusicCueSheet_OriginaisGloboplay_Novembro23.xlsx,MusicCueSheet_Globoplay_Nov23,,23/11/2023,4.0,,,DEUS HA DE SER,PEDRO LUIS,"DJONGA, LARISSA LUZ",,,,WARNER CHAPPELL,,,,0,0
Globo,Ubem_MusicCueSheet_OriginaisGloboplay_Novembro23.xlsx,MusicCueSheet_Globoplay_Nov23,,23/11/2023,4.0,,,CANCAO PRA MARGARIDA,ZE VICENTE,"DJONGA, LARISSA LUZ",,,,COMEP - PAULINAS,,,,0,0
Globo,Ubem_MusicCueSheet_OriginaisGloboplay_Novembro23.xlsx,MusicCueSheet_Globoplay_Nov23,,23/11/2023,4.0,,,CANCAO PRA MARGARIDA,ZE VICENTE,"DJONGA, LARISSA LUZ",,,,COMEP - PAULINAS,,,,0,0
Globo,Ubem_MusicCueSheet_OriginaisGloboplay_Novembro23.xlsx,MusicCueSheet_Globoplay_Nov23,,23/11/2023,4.0,,,FILHO DE REI,MATEUS ALELUIA,"DJONGA, LARISSA LUZ",,,,SENZALA ARTISTICA CULTURAL,,,,0,0
Globo,Ubem_MusicCueSheet_OriginaisGloboplay_Novembro23.xlsx,MusicCueSheet_Globoplay_Nov23,,23/11/2023,4.0,,,FILHO DE REI,MATEUS ALELUIA,"DJONGA, LARISSA LUZ",,,,SENZALA ARTISTICA CULTURAL,,,,0,0
Globo,Ubem_MusicCueSheet_OriginaisGloboplay_Novembro23.xlsx,MusicCueSheet_Globoplay_Nov23,,23/11/2023,4.0,,,FILHO DE REI,MATEUS ALELUIA,"DJONGA, LARISSA LUZ",,,,SENZALA ARTISTICA CULTURAL,,,,0,0
Globo,Ubem_MusicCueSheet_OriginaisGloboplay_Novembro23.xlsx,MusicCueSheet_Globoplay_Nov23,,23/11/2023,4.0,,,DEUS HA DE SER,PEDRO LUIS,"DJONGA, LARISSA LUZ",,,,WARNER CHAPPELL,,,,0,0
Globo,Ubem_MusicCueSheet_OriginaisGloboplay_Novembro23.xlsx,MusicCueSheet_Globoplay_Nov23,,23/11/2023,4.0,,,DEUS HA DE SER,PEDRO LUIS,"DJONGA, LARISSA LUZ",,,,WARNER CHAPPELL,,,,0,0
Globo,Ubem_MusicCueSheet_OriginaisGloboplay_Novembro23.xlsx,MusicCueSheet_Globoplay_Nov23,,24/11/2023,5.0,,,INVISIVEL,"FILIPE CARTAXO,MARCELO SEKO,ROBERTO BARRETO,RUSSO PASSAPUSSO",BAIANA SYSTEM,,,,"UNIVERSAL MGB,UNIVERSAL MGB,UNIVERSAL MGB,UNIVERSAL MGB",,,,0,0
Globo,Ubem_MusicCueSheet_OriginaisGloboplay_Novembro23.xlsx,MusicCueSheet_Globoplay_Nov23,,24/11/2023,5.0,,,EXU NAS ESCOLAS,"EDGAR,KIKO DINUCCI",ELENCO,,,,"DECK,DUBAS",,,,0,0
Globo,Ubem_MusicCueSheet_OriginaisGloboplay_Novembro23.xlsx,MusicCueSheet_Globoplay_Nov23,,24/11/2023,5.0,,,EXU NAS ESCOLAS,"EDGAR,KIKO DINUCCI",ELENCO,,,,"DECK,DUBAS",,,,0,0
Globo,Ubem_MusicCueSheet_OriginaisGloboplay_Novembro23.xlsx,MusicCueSheet_Globoplay_Nov23,,24/11/2023,5.0,,,EXU NAS ESCOLAS,"EDGAR,KIKO DINUCCI",ELENCO,,,,"DECK,DUBAS",,,,0,0
Globo,Ubem_MusicCueSheet_OriginaisGloboplay_Novembro23.xlsx,MusicCueSheet_Globoplay_Nov23,,24/11/2023,5.0,,,EXU NAS ESCOLAS,"EDGAR,KIKO DINUCCI",ELENCO,,,,"DECK,DUBAS",,,,0,0
Globo,Ubem_MusicCueSheet_OriginaisGloboplay_Novembro23.xlsx,MusicCueSheet_Globoplay_Nov23,,24/11/2023,5.0,,,COTA NAO E ESMOLA,BIA FERREIRA,BIA FERREIRA,,,,BOA MUSIC RIGHTS,,,,0,0
Globo,Ubem_MusicCueSheet_OriginaisGloboplay_Novembro23.xlsx,MusicCueSheet_Globoplay_Nov23,,24/11/2023,5.0,,,NEGRUME DA NOITE,"CUIUBA,PAULINHO DO RECO",ELENCO,,,,"ELDORADO,ELDORADO",,,,0,0
Globo,Ubem_MusicCueSheet_OriginaisGloboplay_Novembro23.xlsx,MusicCueSheet_Globoplay_Nov23,,24/11/2023,5.0,,,LETRAS NEGRAS,"FAUSTO NILO,GERALDO AZEVEDO",LARISSA LUZ,,,,"SONY MUSIC PUBLISHING,DUBAS",,,,0,0
Globo,Ubem_MusicCueSheet_OriginaisGloboplay_Novembro23.xlsx,MusicCueSheet_Globoplay_Nov23,,24/11/2023,5.0,,,KIZOMBA FESTA DA RACA,"JONAS,LUIZ CARLOS DA VILA,RODOLFO","DJONGA, LARISSA LUZ",,,,"EDIMUSA,EDIMUSA,EDIMUSA",,,,0,0
Globo,Ubem_MusicCueSheet_OriginaisGloboplay_Novembro23.xlsx,MusicCueSheet_Globoplay_Nov23,,26/11/2023,1.0,,,VOU DE TAXI,"ALOYSIO REIS,ALOYSIO REIS,BIAFRA,BIAFRA,ETHIENE RODA GIL,ETHIENE RODA GIL,FRANK LANGOBOFF",ANGÉLICA,,,,"SONY MUSIC PUBLISHING,WARNER CHAPPELL,SONY MUSIC PUBLISHING,WARNER CHAPPELL,SONY MUSIC PUBLISHING,WARNER CHAPPELL,WARNER CHAPPELL",,,,0,0
Globo,Ubem_MusicCueSheet_OriginaisGloboplay_Novembro23.xlsx,MusicCueSheet_Globoplay_Nov23,,26/11/2023,1.0,,,FLECHA DE AMOR,"EVANDRO MESQUITA,VINICIUS CANTUARIA",ANGÉLICA,,,,"WARNER CHAPPELL,SONY MUSIC PUBLISHING",,,,0,0
Globo,Ubem_MusicCueSheet_OriginaisGloboplay_Novembro23.xlsx,MusicCueSheet_Globoplay_Nov23,,26/11/2023,1.0,,,FLECHA DE AMOR,"EVANDRO MESQUITA,VINICIUS CANTUARIA",ANGÉLICA,,,,"WARNER CHAPPELL,SONY MUSIC PUBLISHING",,,,0,0
Globo,Ubem_MusicCueSheet_OriginaisGloboplay_Novembro23.xlsx,MusicCueSheet_Globoplay_Nov23,,26/11/2023,2.0,,,ANGELICAL TOUCH,DEBARROS F,ANGÉLICA,,,,SONY MUSIC PUBLISHING,,,,0,0
Globo,Ubem_MusicCueSheet_OriginaisGloboplay_Novembro23.xlsx,MusicCueSheet_Globoplay_Nov23,,26/11/2023,2.0,,,ANGELICAL TOUCH,DEBARROS F,ANGÉLICA,,,,SONY MUSIC PUBLISHING,,,,0,0
Globo,Ubem_MusicCueSheet_OriginaisGloboplay_Novembro23.xlsx,MusicCueSheet_Globoplay_Nov23,,26/11/2023,3.0,,,VOU DE TAXI,"ALOYSIO REIS,ALOYSIO REIS,BIAFRA,BIAFRA,ETHIENE RODA GIL,ETHIENE RODA GIL,FRANK LANGOBOFF",ANGÉLICA,,,,"SONY MUSIC PUBLISHING,WARNER CHAPPELL,SONY MUSIC PUBLISHING,WARNER CHAPPELL,SONY MUSIC PUBLISHING,WARNER CHAPPELL,WARNER CHAPPELL",,,,0,0
Globo,Ubem_MusicCueSheet_OriginaisGloboplay_Novembro23.xlsx,MusicCueSheet_Globoplay_Nov23,,26/11/2023,4.0,,,BLUE JEANS,"EVANDRO MESQUITA,VINICIUS CANTUARIA",ANGÉLICA,,,,"WARNER CHAPPELL,SONY MUSIC PUBLISHING",,,,0,0
Globo,Ubem_MusicCueSheet_OriginaisGloboplay_Novembro23.xlsx,MusicCueSheet_Globoplay_Nov23,,26/11/2023,5.0,,,VOU DE TAXI,"ALOYSIO REIS,ALOYSIO REIS,BIAFRA,BIAFRA,ETHIENE RODA GIL,ETHIENE RODA GIL,FRANK LANGOBOFF",ANGÉLICA,,,,"SONY MUSIC PUBLISHING,WARNER CHAPPELL,SONY MUSIC PUBLISHING,WARNER CHAPPELL,SONY MUSIC PUBLISHING,WARNER CHAPPELL,WARNER CHAPPELL",,,,0,0
Globo,Ubem_MusicCueSheet_OriginaisGloboplay_Novembro23.xlsx,MusicCueSheet_Globoplay_Nov23,,26/11/2023,5.0,,,VOU DE TAXI,"ALOYSIO REIS,ALOYSIO REIS,BIAFRA,BIAFRA,ETHIENE RODA GIL,ETHIENE RODA GIL,FRANK LANGOBOFF",ANGÉLICA,,,,"SONY MUSIC PUBLISHING,WARNER CHAPPELL,SONY MUSIC PUBLISHING,WARNER CHAPPELL,SONY MUSIC PUBLISHING,WARNER CHAPPELL,WARNER CHAPPELL",,,,0,0
Globo,Ubem_MusicCueSheet_OriginaisGloboplay_Novembro23.xlsx,MusicCueSheet_Globoplay_Nov23,,26/11/2023,5.0,,,BLUE JEANS,"EVANDRO MESQUITA,VINICIUS CANTUARIA",ANGÉLICA,,,,"WARNER CHAPPELL,SONY MUSIC PUBLISHING",,,,0,0
Globo,Ubem_MusicCueSheet_OriginaisGloboplay_Novembro23.xlsx,MusicCueSheet_Globoplay_Nov23,,26/11/2023,5.0,,,BLUE JEANS,"EVANDRO MESQUITA,VINICIUS CANTUARIA",ANGÉLICA,,,,"WARNER CHAPPELL,SONY MUSIC PUBLISHING",,,,0,0
Globo,Ubem_MusicCueSheet_OriginaisGloboplay_Novembro23.xlsx,MusicCueSheet_Globoplay_Nov23,,26/11/2023,5.0,,,VOU DE TAXI,"ALOYSIO REIS,ALOYSIO REIS,BIAFRA,BIAFRA,ETHIENE RODA GIL,ETHIENE RODA GIL,FRANK LANGOBOFF",ANGÉLICA,,,,"SONY MUSIC PUBLISHING,WARNER CHAPPELL,SONY MUSIC PUBLISHING,WARNER CHAPPELL,SONY MUSIC PUBLISHING,WARNER CHAPPELL,WARNER CHAPPELL",,,,0,0
Globo,Ubem_MusicCueSheet_OriginaisGloboplay_Novembro23.xlsx,MusicCueSheet_Globoplay_Nov23,,30/11/2023,,,,NOITE FELIZ,"FRANZ GRUBER,JOSEPH MOHR,PEDRO SINZIG","FABIANO KRIEGER, LUCAS MARCIER, ROGERIO DA COSTA JR",FULL MIX,,,"DP,DP,DP",GLOBO,,BC1GL2319490,0,0
Globo,Ubem_MusicCueSheet_OriginaisGloboplay_Novembro23.xlsx,MusicCueSheet_Globoplay_Nov23,,30/11/2023,,,,TA OK,"DENNIS DJ,KEVIN O CHRIS","DENNIS DJ,KEVIN O CHRIS",,,,"SONY MUSIC PUBLISHING,ORB MUSIC",SONY MUSIC,,,0,0
Globo,Ubem_MusicCueSheet_OriginaisGloboplay_Novembro23.xlsx,MusicCueSheet_Globoplay_Nov23,,30/11/2023,,,,BOLADONA,MARCIO,TATI QUEBRA BARRACO,FULL MIX,,,NOWA,LINK RECORDS,,BRLRE0400030,0,0
Globo,Ubem_MusicCueSheet_OriginaisGloboplay_Novembro23.xlsx,MusicCueSheet_Globoplay_Nov23,,30/11/2023,,,,DINGO BELL,MC BIGODINHO,MC TETEU,,,,MC BIGODINHO,,,,0,0
Globo,Ubem_MusicCueSheet_OriginaisGloboplay_Novembro23.xlsx,MusicCueSheet_Globoplay_Nov23,,30/11/2023,,,,JINGLE BELL ROCK,"JIM BOOTHE,JOE BEAL",LUCAS MARCIER,FULL MIX,,,"SONY MUSIC PUBLISHING,SONY MUSIC PUBLISHING",GLOBO,,BC1GL2319491,0,0
Globo,Ubem_MusicCueSheet_OriginaisGloboplay_Novembro23.xlsx,MusicCueSheet_Globoplay_Nov23,,30/11/2023,,,,VALSA DAS FLORES,PYOTR IIYICH TCHAIKOVSKY,ELENCO,,,,DP,,,,0,0
Globo,Ubem_MusicCueSheet_OriginaisGloboplay_Novembro23.xlsx,MusicCueSheet_Globoplay_Nov23,,30/11/2023,,,,MINHA VO TA MALUCA,MC CAROL,ELENCO,,,,VRC PRODUCOES ARTISTICAS LTDA,,,,0,0
Globo,Ubem_MusicCueSheet_OriginaisGloboplay_Novembro23.xlsx,MusicCueSheet_Globoplay_Nov23,,30/11/2023,,,,TREMENDO VACILAO,"C TELES,MAOZINHA,S MARQUES",ELENCO,,,,"NOWA,NOWA,NOWA",,,,0,0
